observer,trial,x,y,dur,n
1,1,960.3,543.9,1420,1
1,2,958.5,544.3,1378,1
1,2,1205.4,572.1,142,2
1,2,961.2,337.8,120,3
1,3,963.1,534.4,1403,1
1,3,964.1,328.8,157,2
1,4,963.6,543,1251,1
1,4,1025.5,581.1,190,2
1,4,1077.2,708.9,193,3
1,4,1191.8,675,3188,4
1,5,964.6,548.2,1888,1
1,6,964.5,540.7,1327,1
1,7,948.3,537.9,1221,1
1,7,721.2,555.5,165,2
1,7,696.4,550.9,453,3
1,7,1165.2,705.8,153,4
1,8,956.7,542.8,1233,1
1,8,851.4,509.7,131,2
1,9,951.5,531.2,1236,1
1,9,1088.6,598.9,142,2
1,9,1198.5,689.5,541,3
1,10,950.9,545.9,1313,1
1,11,948.1,542.2,1587,1
1,11,964.2,303.8,2190,2
1,12,945.6,546.8,1200,1
1,13,956.9,529.7,328,1
1,13,893.3,539.7,197,2
1,13,946.3,545.8,230,3
1,13,957.4,541.4,572,4
1,14,946.9,558.2,1393,1
1,14,763.4,562.2,152,2
1,14,687.5,553.4,182,3
1,14,1156.3,419.2,254,4
1,15,946.5,534.1,1360,1
1,15,1176.1,543.6,290,2
1,16,945.4,539.6,268,1
1,16,952.6,394,899,2
1,16,792.7,428.4,165,3
1,17,957.3,527.1,1506,1
1,17,945.5,812.9,117,2
1,18,952.6,554.8,427,1
1,18,943.1,491.1,903,2
1,18,830.3,754.7,244,3
1,18,1140.3,411.3,168,4
1,19,948.9,542.6,1417,1
1,20,944.4,543.1,1240,1
1,20,844.9,583.5,608,2
1,20,765.9,633.4,218,3
1,20,715.1,673.7,2336,4
1,21,945.8,568.3,453,1
1,21,934.8,541.4,761,2
1,21,743.7,647.8,318,3
1,22,955.5,548.7,292,1
1,22,942.3,532.6,1028,2
1,23,950.5,563.7,1255,1
1,23,852.1,466.1,129,2
1,23,766.4,394.3,162,3
1,23,714.8,430.5,1946,4
1,24,944.3,530.8,1254,1
1,24,892.1,560.8,203,2
1,25,944.8,551.8,359,1
1,25,906.8,546.7,175,2
1,25,943,545.6,803,3
1,26,943.6,561.7,1220,1
1,26,1133.2,687.2,203,2
1,26,1188.4,662.2,4013,3
1,27,968.3,556.6,2159,1
1,27,712.3,435.7,229,2
1,27,719.1,424.4,2901,3
1,27,737.1,432.5,168,4
1,28,947.8,554.1,463,1
1,28,861.1,527.5,216,2
1,28,722.1,431.8,192,3
1,28,922,535.1,293,4
1,28,1059.4,510.7,943,5
1,29,949.7,548.4,1357,1
1,29,935.5,334.1,127,2
1,30,944.2,546.5,1341,1
1,30,1005.2,783.3,83,2
1,30,950.8,790.8,1357,3
1,31,957.5,533.7,357,1
1,31,938,536.5,854,2
1,32,941.5,547.8,1259,1
1,33,940.3,557.8,303,1
1,33,938.8,538.4,931,2
1,33,817.7,728.1,321,3
1,33,709.5,446,196,4
1,34,948.4,554.1,284,1
1,34,942.6,479.4,259,2
1,34,954.7,534.6,817,3
1,34,770.4,487.6,60,4
1,34,727.5,416.2,1038,5
1,35,947.1,554.6,1309,1
1,35,817.7,759.9,278,2
1,36,954.2,537.4,1421,1
1,36,934.1,823.5,111,2
1,37,947.1,552.7,235,1
1,37,937.6,534.3,814,2
1,38,945.3,548.1,1348,1
1,38,936.9,298.1,155,2
1,39,936.8,551.6,1233,1
1,39,1140.1,658.4,145,2
1,40,953.8,550.3,1423,1
1,41,944.7,575.5,1247,1
1,42,950.6,547.6,1221,1
1,42,849.4,378.9,115,2
1,42,826.6,302.3,71,3
1,42,972.3,273.7,160,4
1,43,947.2,535.8,1223,1
1,43,926,300.2,168,2
1,44,942.3,536.3,1285,1
1,44,796.8,333.2,361,2
1,44,1190.1,670.7,217,3
1,45,957.9,544.7,285,1
1,45,946.8,528.6,992,2
1,45,683.5,505.6,200,3
1,45,935.7,839.9,114,4
1,46,951.1,552.4,295,1
1,46,946,537.2,948,2
1,46,1151.1,539,139,3
1,46,1218.4,536.8,165,4
1,47,945.9,535.8,694,1
1,47,953.6,508,510,2
1,47,820.2,338.9,174,3
1,48,937.5,532.1,1232,1
1,48,782.5,512.4,125,2
1,49,959,538.5,417,1
1,49,938.3,513.2,791,2
1,49,1206.1,527.1,162,3
1,50,955.1,505.5,1413,1
1,51,953.2,557.6,176,1
1,51,912.3,434.5,204,2
1,51,979.9,557.8,808,3
1,52,950.6,553.4,1248,1
1,52,1103,361.7,336,2
1,53,956.8,565.4,1272,1
1,53,1109.2,777.1,140,2
1,54,953.7,542.9,1256,1
1,54,1220.4,557.8,204,2
1,55,956.2,544.7,1248,1
1,55,929.1,765.3,176,2
1,56,963.3,540.6,1216,1
1,56,681.5,549.9,300,2
1,56,1156.3,684.7,148,3
1,57,956.8,542,1216,1
1,58,953.8,548.5,1268,1
1,58,952.2,352.6,132,2
1,59,956.3,531.6,204,1
1,59,945.2,549.7,1160,2
1,60,953,545.7,1396,1
1,61,950,555.4,1528,1
1,62,970.9,537.7,1296,1
1,62,878.3,327.1,96,2
1,63,941,547.8,356,1
1,63,960.4,445.4,276,2
1,63,937.4,475,552,3
1,64,954.2,543.6,1364,1
1,64,948.7,335.4,144,2
1,64,950.5,297.7,2196,3
1,65,954.7,549.4,300,1
1,65,933.8,510.3,276,2
1,65,956,532.9,828,3
1,65,938.8,817.5,136,4
1,66,948.9,553.5,1252,1
1,66,793.3,502.4,116,2
1,67,971.5,550.7,344,1
1,67,937.3,561.5,264,2
1,67,952.2,553.4,784,3
1,68,945.5,564.8,1284,1
1,68,727.8,664.1,240,2
1,69,943.1,555.7,1244,1
1,69,939.5,311.6,168,2
1,70,947.8,547.2,1328,1
1,70,948.3,783.6,780,2
1,71,943.6,552.1,1248,1
1,71,1116.7,421.8,136,2
1,71,1079.3,346.8,940,3
1,72,954.9,533.4,1240,1
1,72,935.7,304.8,168,2
1,73,954.9,549.9,1228,1
1,73,786.4,768.1,116,2
1,74,958.1,566.4,256,1
1,74,948.5,572.4,204,2
1,74,942.4,556.3,628,3
1,74,708.9,682.6,1344,4
1,75,953.4,546.7,1224,1
1,75,843.2,416.7,140,2
1,76,949.3,541.9,324,1
1,76,961.2,573.5,220,2
1,76,946.8,555.3,364,3
1,77,948.4,551.4,1300,1
1,77,1086.8,492.2,124,2
1,77,1187.4,692.7,136,3
1,78,945.3,550.5,1260,1
1,78,872.1,472.5,140,2
1,78,955.8,818.5,148,3
1,78,949.7,797.9,256,4
1,79,960.3,577.6,428,1
1,79,946.8,549.7,816,2
1,79,760.2,614.4,156,3
1,80,948.3,538.2,1464,1
1,81,945.4,557.3,1232,1
1,81,1182.8,575.3,144,2
1,81,1166.8,669.2,732,3
1,82,951.6,562.3,272,1
1,82,962.4,487.4,204,2
1,82,946,516.5,840,3
1,83,951.5,552.2,1320,1
1,84,946.2,555.3,1348,1
1,84,951.3,828,124,2
1,85,957.5,546.8,1252,1
1,86,952,537.4,1232,1
1,86,828.9,740.8,92,2
1,87,972.9,594.3,1364,1
1,87,740,439.7,196,2
1,88,948.4,542.6,1304,1
1,88,1161.3,646.5,172,2
1,89,948.9,556.5,1220,1
1,89,1086.1,407.8,156,2
1,90,943.2,549,1232,1
1,90,1125.9,623.6,144,2
1,91,942.9,546.1,1352,1
1,91,951.8,693.7,120,2
1,92,938.1,555,312,1
1,92,926.3,699.4,24,2
1,92,941.1,560.2,840,3
1,92,711.5,533.1,156,4
1,93,946.7,540,1256,1
1,93,1108.2,472.8,156,2
1,94,944.4,542.8,840,1
1,94,938.1,540.2,724,2
1,95,945.8,556.4,292,1
1,95,934,549.9,140,2
1,95,942.1,549.6,268,3
1,95,1216.1,658.1,132,4
1,96,947.4,553.7,1364,1
1,96,943.7,330.8,192,2
1,96,948.1,296.8,1064,3
1,96,829.9,311.5,200,4
1,97,943.6,551.7,1380,1
1,98,946.2,549.1,1356,1
1,99,949.8,544.4,636,1
1,99,945.2,525.9,624,2
1,100,941.8,550,1244,1
1,101,947.7,546.2,1256,1
1,102,956.1,545.3,1232,1
1,103,942.5,533.7,1232,1
1,103,949.5,364.6,132,2
1,104,937.8,545.7,1220,1
1,104,934.3,325.6,200,2
1,105,935.4,520.6,584,1
1,105,936.7,443.3,224,2
1,105,924.5,485.7,400,3
1,105,745.8,424.6,136,4
1,105,705.5,400.7,680,5
1,106,922.4,534,1204,1
1,106,924.9,300.5,188,2
1,106,932.4,272.9,1308,3
1,106,916.1,278.9,200,4
1,106,936.5,317.9,256,5
1,107,956.4,568.4,144,1
1,107,916.8,494.3,580,2
1,107,930.5,364.6,216,3
1,107,1048.7,309.8,180,4
1,107,930.1,821.6,140,5
1,108,927.1,549,1280,1
1,109,931.9,532.2,428,1
1,109,941.3,548.1,648,2
1,109,831,751.5,140,3
1,110,938.1,559.6,348,1
1,110,908,628.8,196,2
1,110,922.4,546.1,612,3
1,110,1188.4,679.3,120,4
1,111,933.2,543.8,1252,1
1,111,1067.7,689.6,120,2
1,112,932.7,540.8,1256,1
1,112,923.5,394.6,104,2
1,113,937,543.6,268,1
1,113,911.6,533.4,712,2
1,113,1178,654,196,3
1,114,936.7,545.3,1196,1
1,114,1196.6,564.6,164,2
1,115,938.1,537.9,1240,1
1,115,1129.4,420.2,164,2
1,115,1169.7,409.7,1208,3
1,116,929.1,543.2,1220,1
1,116,835.3,335.2,100,2
1,117,933.2,534.8,1360,1
1,117,926.2,304.8,160,2
1,117,926.1,280.4,1032,3
1,118,925.9,562.9,1216,1
1,118,688.4,568,116,2
1,118,719.7,439.1,1848,3
1,119,929.2,540.3,1344,1
1,119,1164.6,412.1,736,2
1,120,931.8,548.1,1260,1
1,120,837.6,366.1,60,2
1,121,932.2,533.4,1372,1
1,121,925.7,800.5,180,2
1,122,929.7,540.2,1204,1
1,122,663.1,530.3,164,2
1,122,1199.5,685.8,152,3
1,122,1172.1,669.8,600,4
1,123,926.7,536,984,1
1,123,1217,521.8,144,2
1,124,931.5,537.7,1240,1
1,124,1117.7,429.9,148,2
1,125,921.9,552.2,1204,1
1,125,922.2,306,148,2
1,126,948.9,488.8,188,1
1,126,956.2,387.9,120,2
1,126,929.7,321.9,872,3
1,126,764.7,376.3,140,4
1,127,932.5,544,1236,1
1,127,722.4,630.6,152,2
1,128,929.9,544,1280,1
1,128,836.8,323.2,104,2
1,128,925.3,295.4,164,3
1,129,939.4,529.5,344,1
1,129,947,465,608,2
1,129,699.3,407,2316,3
1,130,920.1,549.2,1316,1
1,131,937.4,532.9,1400,1
1,131,706.2,408.1,944,2
1,132,910.7,547.3,1264,1
1,132,793.3,324.2,116,2
1,132,1175.7,437.8,196,3
1,133,932.3,546.7,1284,1
1,134,944.9,545.4,332,1
1,134,936.9,534,808,2
1,134,812.3,325.4,144,3
1,134,930.3,784.4,3984,4
1,135,928.6,548.7,1236,1
1,135,1180.6,526.1,140,2
1,135,949,813.7,136,3
1,136,924.9,554.6,304,1
1,136,913,558.6,884,2
1,137,944.2,550,1324,1
1,137,928.6,747.8,176,2
1,138,909.6,552.7,232,1
1,138,933,549.7,1048,2
1,138,926.8,338.2,128,3
1,139,940.5,542.2,1212,1
1,139,710.6,667,260,2
1,140,938.1,535.7,1264,1
1,140,1136.5,516.6,132,2
1,141,937.2,548.1,1272,1
1,141,1129,443.2,168,2
1,141,1162.5,424,216,3
1,142,931.1,555.7,1304,1
1,142,1163.9,669,744,2
1,143,936.6,548.2,1460,1
1,143,674.1,651.4,320,2
1,144,917,550,1368,1
1,145,930.2,552.4,1244,1
1,145,915.1,331.5,116,2
1,145,923.1,284.8,260,3
1,146,935.1,544.2,756,1
1,146,921.7,548.2,432,2
1,146,830.6,341.1,132,3
1,146,919.1,292.7,232,4
1,147,925.7,552.2,280,1
1,147,925.8,521.2,648,2
1,148,940,555.2,1260,1
1,148,831.8,703.8,96,2
1,149,935.9,549.2,1372,1
1,150,946,533.9,236,1
1,150,934.4,549.9,872,2
1,150,917.3,744.9,140,3
1,151,936.2,561.8,1220,1
1,151,932.6,333.9,316,2
1,152,926.9,555.9,1268,1
1,152,918,796.6,1216,2
1,153,939.7,526.9,1200,1
1,153,696.8,409.2,940,2
1,154,924,540.6,1244,1
1,154,917.1,423.4,80,2
1,154,922.3,317,48,3
1,155,931.3,532.4,1300,1
1,155,673,426.8,176,2
1,155,687,410,936,3
1,156,920.7,557.3,1216,1
1,156,677.4,543.4,144,2
1,157,927.3,543.9,1252,1
1,157,1028.7,700.4,96,2
1,157,931.4,309.1,156,3
1,158,924.4,547.5,1364,1
1,159,922.5,542.1,1332,1
1,159,1000.4,284.2,120,2
1,159,935.4,267.5,188,3
1,160,919.6,549.6,1200,1
1,160,738.1,362.4,116,2
1,161,923.1,528,1260,1
1,162,903.2,519.3,52,1
1,162,897,490.6,164,2
1,162,729.2,435.1,592,3
1,162,915,554.1,348,4
1,162,944.5,804.1,140,5
1,163,926.8,549.9,1240,1
1,163,712.4,642.4,176,2
1,163,681.2,671.9,240,3
1,164,922.6,554,1432,1
1,164,717.3,434,152,2
1,165,915.5,543.8,1224,1
1,165,679.8,537.8,124,2
1,166,918.9,511.4,1248,1
1,166,1113.3,421.9,144,2
1,166,1158.1,404.6,824,3
1,166,1127,434.9,176,4
1,167,924.9,540.4,332,1
1,167,919.3,537.4,852,2
1,167,654.9,688.2,108,3
1,168,920.7,541.5,1332,1
1,168,672,680.6,248,2
1,169,918.1,535.3,1216,1
1,169,772.9,357,108,2
1,170,915.2,544.1,1272,1
1,170,809.2,704.3,124,2
1,170,912.6,312,236,3
1,171,919.3,556.2,1220,1
1,171,1133.2,656.3,216,2
1,171,1155.2,668.9,708,3
1,172,927.7,542.7,1224,1
1,172,1138.2,645,208,2
1,173,912.5,548,268,1
1,173,921.8,549.7,948,2
1,173,897.1,298.5,164,3
1,174,922.6,554,1232,1
1,174,1026.2,365.1,124,2
1,175,928.2,550.6,1444,1
1,176,926.6,523.1,1244,1
1,176,695.1,641.6,192,2
1,177,927.4,552.7,1276,1
1,177,1075.8,678.6,64,2
1,177,1137.9,411.4,1104,3
1,178,926.9,532.4,1200,1
1,178,669.9,526.3,140,2
1,178,948.9,835,112,3
1,179,929,575.2,504,1
1,179,926.1,533.2,768,2
1,179,732.4,445.9,120,3
1,179,680.1,395.2,280,4
1,180,921.1,562.4,276,1
1,180,903.1,525.4,956,2
1,180,899.5,300.2,144,3
1,181,926.6,554.7,1232,1
1,181,980.2,346,116,2
1,182,931.3,533.3,1388,1
1,182,926.9,283.8,324,2
1,183,916.9,539.8,1252,1
1,183,1079,764.5,124,2
1,183,705.1,682.5,204,3
1,184,932.4,547.8,1308,1
1,184,695.2,443.3,212,2
1,185,932.7,538.7,1372,1
1,186,932.4,557.6,1240,1
1,186,727.5,635.2,172,2
1,187,919.1,558.6,1220,1
1,188,922.8,552.8,1320,1
1,188,922.1,300,144,2
1,189,928.7,555.3,1236,1
1,189,1148,627.9,216,2
1,190,918.6,569.2,1196,1
1,190,1070.6,371.7,120,2
1,190,690.3,473.1,176,3
1,191,922.4,536,1240,1
1,192,929.8,540.5,1252,1
1,192,1101.8,531.7,160,2
1,192,1166.7,691.1,152,3
1,193,915.7,548.1,1324,1
1,194,926,539.2,1356,1
1,194,1154.9,659,728,2
1,195,909.1,551,1340,1
1,196,931.1,556,1216,1
1,196,1159.5,564.1,124,2
1,197,933.4,548,1312,1
1,198,932.7,550.2,344,1
1,198,927.2,537,672,2
1,199,927.5,539.6,1224,1
1,199,1066.2,646.9,176,2
1,200,918.8,524.9,1368,1
1,200,1033.1,581.4,32,2
1,200,1157.6,661.6,1064,3
1,201,907.1,730.5,204,1
1,201,943.6,513,172,2
1,201,925.6,552.1,532,3
1,201,939.5,312.5,268,4
1,202,929,547.6,1352,1
1,202,1185.6,672.7,108,2
1,203,927.8,549.9,1200,1
1,203,662.9,556.2,144,2
1,203,930.6,279,232,3
1,204,923.3,543.5,1376,1
1,205,929.7,524.7,1336,1
1,206,900.3,553.5,1240,1
1,206,926.2,356.2,128,2
1,207,918.2,550.8,1352,1
1,208,925.5,557.7,1408,1
1,208,936.9,305.8,216,2
1,209,924.1,547.5,1216,1
1,209,712.8,449.6,128,2
1,210,937.8,543.8,1248,1
1,210,792.3,339.7,108,2
1,210,1184.9,676.9,228,3
1,211,931.8,536.2,1284,1
1,211,916.8,325.6,116,2
1,212,931.2,537.4,1208,1
1,212,688.4,418.3,200,2
1,213,920.7,540.9,216,1
1,213,919.6,525.5,612,2
1,213,701.2,627.1,212,3
1,213,680.6,678.1,244,4
1,214,928,529.6,1300,1
1,215,932.1,596.8,168,1
1,215,917.2,539.9,1016,2
1,215,927.1,815.8,136,3
1,216,920.8,558.5,1324,1
1,217,931.2,541.1,1312,1
1,217,903.8,817.7,104,2
1,218,929.1,568.1,1332,1
1,218,1143.9,645.5,196,2
1,219,921,551.2,324,1
1,219,920.8,548,668,2
1,219,1167.1,660.1,144,3
1,220,909.8,558.6,1348,1
1,220,909.7,333.9,140,2
1,221,927.5,500.4,1440,1
1,222,935.6,552.3,420,1
1,222,918.2,564.6,812,2
1,222,1133.8,618.3,164,3
1,223,923.2,523.2,1248,1
1,223,1047.2,733.1,148,2
1,224,919.2,528.9,468,1
1,224,915.1,527.2,732,2
1,225,902.1,551.5,1308,1
1,226,927.7,515,1392,1
1,227,923.7,553.3,1340,1
1,227,913.1,687.1,104,2
1,227,924.8,795.3,1256,3
1,228,908.9,554.2,1252,1
1,228,764.4,741.1,152,2
1,228,916.8,309.2,168,3
1,229,919.3,520.2,1240,1
1,229,1133.2,662.6,1124,2
1,230,923.4,557.7,1228,1
1,231,928.4,520.5,1228,1
1,231,794.5,712.2,96,2
1,232,915.4,547.6,1236,1
1,232,653.7,537.4,108,2
1,232,951,266.6,196,3
1,233,929.1,536.2,1216,1
1,233,670.4,566.9,100,2
1,233,941.3,290.4,184,3
1,234,929.8,535,1364,1
1,235,927.2,555.4,1368,1
1,236,918.7,555.2,1252,1
1,236,1095.4,458.3,136,2
1,237,925.8,534.2,1208,1
1,237,699.6,666.4,1768,2
1,238,913.2,548.5,1216,1
1,238,653.5,678.6,152,2
1,239,920.8,548,1256,1
1,239,696.3,662.9,668,2
1,239,766.4,643.1,204,3
1,240,917.5,554.7,1264,1
1,240,776,484.4,132,2
1,241,922.2,537,1356,1
1,241,1130.8,417.8,156,2
1,241,1161.4,404.8,740,3
1,242,916.9,544.7,1108,1
1,242,1157,425.1,620,2
1,243,920,557.2,1520,1
1,243,911.4,830.8,108,2
1,243,917.2,802.1,832,3
1,244,922.9,550.6,1304,1
1,245,929.3,539.5,60,1
1,245,941.9,530.2,316,2
1,245,921.4,521.3,508,3
1,246,929.7,536.8,1296,1
1,246,1126.4,403.4,144,2
1,247,923,543.5,1236,1
1,247,790.7,753.3,88,2
1,248,913.2,548.5,248,1
1,248,918.9,544.5,188,2
1,248,918.9,543.4,784,3
1,249,914.3,557.9,1248,1
1,249,926.4,358.6,124,2
1,250,920.4,541.8,1352,1
1,251,950.2,539.9,1292,1
1,252,936.8,552,1212,1
1,252,947,334.9,184,2
1,253,922.7,532.3,1192,1
1,254,935.2,546.5,1220,1
1,255,931.1,529.7,1240,1
1,255,1132.4,441.3,156,2
1,256,930.8,529,1412,1
1,257,923.4,545.5,1264,1
1,257,1047.4,726.7,88,2
1,258,915,552.2,324,1
1,258,907.3,541.4,556,2
1,259,916.2,556.6,264,1
1,259,911.7,540.1,944,2
1,259,1143.7,420.3,976,3
1,260,915.8,547.3,1360,1
1,261,921.5,536.9,1272,1
1,262,918.6,541,1328,1
1,262,906.1,299.4,212,2
1,263,916.1,549.4,1224,1
1,264,923.5,529.9,1204,1
1,265,922.3,546.5,1236,1
1,265,1053.2,719.5,104,2
1,266,924.3,544.3,1248,1
1,267,925.9,555.5,400,1
1,267,921.2,544.5,808,2
1,267,1181.6,540.1,136,3
1,268,931.1,541.5,1228,1
1,268,1084.6,374.3,176,2
1,269,922.4,533.7,1212,1
1,269,738.1,734.1,104,2
1,269,693,659.2,564,3
1,270,911.4,553.4,1216,1
1,271,925.5,539.6,1304,1
1,272,917.4,548,1344,1
1,272,1128.5,671.6,156,2
1,273,925.5,545.6,1292,1
1,273,896.5,280.5,152,2
1,273,921.1,278.7,708,3
1,274,936.7,526.8,52,1
1,274,918.8,427.7,1148,2
1,274,693.1,631.4,200,3
1,275,914.7,544,1256,1
1,275,824.5,724.3,76,2
1,276,913.5,568.1,1240,1
1,276,912.6,305.1,148,2
1,277,923,556.2,1248,1
1,278,911,543.6,1328,1
1,279,918.8,546.9,1284,1
1,279,1013,601.8,72,2
1,279,913.3,832.4,132,3
1,280,929.7,549.8,1252,1
1,280,703.7,426.9,396,2
1,280,691.2,404.1,880,3
1,281,926.5,559.5,1256,1
1,281,796.2,408.5,144,2
1,281,695.3,705.6,180,3
1,282,924.7,557.5,1232,1
1,283,932.7,549,1220,1
1,284,936.4,534.3,1280,1
1,285,929,543.1,1220,1
1,285,1131.8,531.2,88,2
1,285,702,423.5,168,3
1,285,693.9,404.8,816,4
1,285,835.4,481.7,152,5
1,286,917.6,546,900,1
1,286,926.2,546.8,204,2
1,286,721.1,409.4,176,3
1,287,915.5,538.3,1204,1
1,287,799.7,326.4,148,2
1,288,937.6,532.4,88,1
1,288,908.2,536.7,632,2
1,289,915.1,542.6,1256,1
1,289,804.2,348,124,2
1,289,1196.3,691.6,148,3
1,290,911.9,549.1,1212,1
1,290,907.6,307.5,152,2
1,290,921.4,272.8,1032,3
1,291,919.9,543.5,1228,1
1,291,800.9,561.2,124,2
1,291,924.3,834.6,124,3
1,292,930.1,670.2,112,1
1,292,948.7,567.4,160,2
1,292,921.2,506.7,976,3
1,292,917.7,273.8,224,4
1,293,923.3,548.9,1220,1
1,294,928.5,533,1272,1
1,294,918.7,730.6,148,2
1,295,915.8,563.1,916,1
1,295,924.1,578.9,192,2
1,296,918.8,548.3,1336,1
1,296,1190.3,652.1,128,2
1,297,977.5,542.4,208,1
1,297,708.7,531,92,2
1,297,1218.9,645.3,128,3
1,297,1162.1,657.4,1092,4
1,298,918.4,554.6,1180,1
1,298,674,691.3,108,2
1,299,924.3,566.5,236,1
1,299,928.6,551.5,1168,2
1,300,924,552.8,1220,1
1,301,941.4,544.9,1204,1
1,301,698.3,422.2,2076,2
1,302,924.3,537.5,1232,1
1,302,1115.3,673.9,160,2
1,303,921.3,548.7,1376,1
1,303,1135.4,423.2,252,2
1,304,920.2,547.9,1212,1
1,304,893.5,804.2,124,2
1,304,916.5,788.2,836,3
1,305,904.3,513.3,236,1
1,305,914.3,531.1,656,2
1,305,813.8,289.7,64,3
1,306,917,545.3,1228,1
1,306,771.1,743.3,128,2
1,307,918.2,559.3,96,1
1,307,921.2,555.5,1220,2
1,307,925.6,812.6,164,3
1,308,930.8,554.8,1276,1
1,309,933.4,552.7,1308,1
1,310,936.1,530,1308,1
1,310,1149,411.9,240,2
1,311,934.3,549.7,1228,1
1,311,1111.1,627.7,148,2
1,311,1160.8,691.5,2816,3
1,311,1179.1,721.8,132,4
1,311,1165,657.7,200,5
1,311,1155.4,650,204,6
1,311,1155.2,658.6,3296,7
1,311,1124,706.4,116,8
1,311,1159.1,655.9,1260,9
1,312,928.7,549.3,1284,1
1,312,922,810.8,116,2
1,313,926.8,550,1308,1
1,314,928.7,535.5,1264,1
1,314,915,356,100,2
1,314,923.8,297.4,200,3
1,315,920.3,547.7,1236,1
1,315,1131.7,657.5,192,2
1,316,921.4,542.9,1232,1
1,317,924.4,542.9,1236,1
1,317,1134.7,441.4,180,2
1,318,927.6,537.4,1216,1
1,318,1144.6,661.9,1308,2
1,319,932.8,545.1,1248,1
1,319,905.7,347.7,80,2
1,319,934.4,295.1,236,3
1,320,917.8,551.4,280,1
1,320,923.6,541,1024,2
1,320,679.4,681.7,192,3
1,321,925.2,558,296,1
1,321,919.5,544.8,948,2
1,321,1168.5,569.7,136,3
1,321,1144,675.1,204,4
1,322,916.8,510.9,1376,1
1,323,908.8,545.4,520,1
1,323,912.2,537.1,700,2
1,324,924.6,555.1,1236,1
1,324,935.5,352.3,136,2
1,325,934.8,542,1236,1
1,325,796.5,774.4,96,2
1,326,924.4,544.3,1216,1
1,326,797.9,767.8,112,2
1,327,933,529.6,1236,1
1,327,915.5,316.2,136,2
1,328,931,535.3,1220,1
1,328,1106.7,442.1,168,2
1,328,1157.5,417.5,2768,3
1,329,919.8,548.4,1248,1
1,329,788.9,748.5,92,2
1,329,1165.7,426.8,280,3
1,330,920.6,557.5,1268,1
1,331,930,548.5,1232,1
1,331,726.1,601.2,140,2
1,332,925,550.6,1348,1
1,332,949.7,795.5,136,2
1,333,929.4,534.8,1240,1
1,333,813,691,104,2
1,333,691.5,407.1,196,3
1,334,922.7,529.8,980,1
1,334,674.5,704.6,132,2
1,334,675.9,679.3,208,3
1,335,933.6,522.7,808,1
1,335,784.5,520.4,100,2
1,336,919.6,544.8,1244,1
1,336,1191.4,539.2,112,2
1,336,917.7,286.2,192,3
1,337,906.6,536.2,1224,1
1,337,769.5,735.8,52,2
1,337,1171.4,405.2,144,3
1,337,1132.5,414.3,56,4
1,338,916.6,553.4,1308,1
1,339,929.5,554.1,1268,1
1,339,844.2,537.2,36,2
1,340,928.4,538.2,1304,1
1,340,1144.3,467.1,132,2
1,341,915.9,541.6,1420,1
1,341,1146.3,429,108,2
1,341,918.7,814,160,3
1,342,919.6,546.7,1272,1
1,342,686.7,413.6,188,2
1,343,911.5,541.5,1212,1
1,343,906,318.2,180,2
1,344,934,542.6,1212,1
1,345,997.5,537.7,156,1
1,345,913.8,524,664,2
1,345,641.3,506.6,156,3
1,345,693,666.4,964,4
1,346,920.4,548.3,608,1
1,346,923.4,547.2,604,2
1,346,928.8,317,252,3
1,347,916.6,548.5,1208,1
1,347,1068.9,786.3,116,2
1,347,936.9,336.3,136,3
1,348,931.3,544.7,1264,1
1,348,742.1,695.9,120,2
1,348,693.3,678.1,780,3
1,349,921.1,533.2,1380,1
1,349,934.7,313.9,124,2
1,349,926,279.1,228,3
1,350,921.7,541.1,1200,1
1,350,803.2,324.8,136,2
1,350,1180.3,697.3,172,3
1,350,1158.6,670,2508,4
1,351,909,552.8,1216,1
1,351,1072.5,358.5,176,2
1,352,930.5,545.9,1220,1
1,353,929.2,534.4,1260,1
1,354,918.3,548.1,1232,1
1,354,671.8,678.5,400,2
1,355,920.8,533.1,1452,1
1,356,920.2,533.9,1324,1
1,356,913,326.8,100,2
1,356,917.3,286.9,168,3
1,357,917.1,537.5,244,1
1,357,924.5,562.4,220,2
1,357,922.4,537.6,560,3
1,357,642.8,534.7,128,4
1,357,1190.1,661.4,132,5
1,358,925.6,551,1224,1
1,358,696.9,555.1,148,2
1,359,908.1,557.3,1220,1
1,359,689.6,418.1,176,2
1,360,916.7,540.7,1208,1
1,360,699,678.7,1052,2
1,361,914.1,547.2,1248,1
1,361,684.8,413.9,956,2
1,362,912.9,549.3,1296,1
1,362,886.5,804,136,2
1,363,916.6,557.3,92,1
1,363,907.8,543.6,1112,2
1,363,668.6,545.4,120,3
1,363,936.3,285,168,4
1,364,908.2,552.8,1200,1
1,365,889.9,610.9,104,1
1,365,961.1,519.9,124,2
1,365,917.1,544.1,864,3
1,365,1154,633.7,184,4
1,366,921.1,541.5,1236,1
1,366,817.4,713,96,2
1,367,915.8,541,1212,1
1,367,669.1,558.1,184,2
1,367,687.6,684.4,240,3
1,368,910.1,515.6,316,1
1,368,910.4,517.9,748,2
1,368,936.1,823.4,132,3
1,368,920.8,803.9,180,4
1,369,904.3,564,312,1
1,369,899.5,550.8,996,2
1,370,919.6,543.2,1240,1
1,370,695.6,656.9,860,2
1,371,904,561.5,1216,1
1,372,915.1,547.6,1288,1
1,373,922.9,547.7,1232,1
1,373,1140.7,445.2,188,2
1,374,930,549.2,1280,1
1,374,917.3,794.7,708,2
1,375,919.8,525.2,1244,1
1,375,792.5,762.3,112,2
1,375,1143.5,649.9,208,3
1,376,920,569.6,132,1
1,376,602.1,1820.6,44,2
1,376,944.3,539.3,468,3
1,377,921.3,549.6,1208,1
1,377,800.6,761.5,44,2
1,377,936.6,336.5,84,3
1,378,926.1,541.1,1236,1
1,378,1144.4,440.2,252,2
1,379,930.5,533,1220,1
1,379,695.7,666.4,428,2
1,380,925.3,553.4,1272,1
1,380,927.5,817.3,116,2
1,381,933.1,548.8,1208,1
1,381,689,532.6,108,2
1,382,931.4,543.5,1208,1
1,383,941.9,550.7,1232,1
1,383,696,569.5,148,2
1,384,923.1,550.5,1204,1
1,385,920,551.9,1240,1
1,385,804.1,737.6,88,2
1,385,960.4,301.3,116,3
1,386,943.3,534.3,1256,1
1,386,1094.1,696.7,116,2
1,387,933.2,532.7,1236,1
1,388,927.4,549.7,1132,1
1,388,928.9,546.8,132,2
1,389,916.9,546.4,1220,1
1,390,899.3,552.7,356,1
1,390,915.6,545,852,2
1,391,907.1,533,1240,1
1,391,717.1,439.3,168,2
1,392,932.6,557.9,1252,1
1,392,1037,394.6,112,2
1,393,922.4,535.1,488,1
1,393,908.6,427,244,2
1,393,920.6,511.7,488,3
1,393,1182.9,548.5,148,4
1,393,921.8,288.2,200,5
1,394,907.6,533,1196,1
1,394,1213.5,532.6,112,2
1,394,1119.5,397.5,228,3
1,395,918.7,545.8,1296,1
1,396,929.9,526,1288,1
1,397,918.6,539.6,220,1
1,397,918.5,535.3,244,2
1,397,922,528.1,832,3
1,397,686.1,672,716,4
1,398,919.8,547.3,1240,1
1,398,716.3,418,148,2
1,399,899.3,548.3,1204,1
1,399,766.3,378.7,120,2
1,400,922,547.8,1240,1
1,400,737.7,652.7,124,2
1,401,930,563.7,1224,1
1,401,1210.5,706.3,144,2
1,402,917.9,557.7,1232,1
1,402,759.5,607,136,2
1,403,906.6,541.1,1304,1
1,403,696.1,458.8,132,2
1,404,913.5,544.2,1208,1
1,404,1050,736.5,132,2
1,405,912.5,535.1,1224,1
1,405,1006.2,355.8,116,2
1,405,685.6,403.8,204,3
1,406,905.6,534.3,1232,1
1,406,1117.3,664.8,176,2
1,407,920.6,548.4,1272,1
1,407,710.3,435.4,188,2
1,408,911.6,561.6,1220,1
1,409,925.2,550.3,1212,1
1,409,1142.4,650.3,200,2
1,410,933.7,541.1,1316,1
1,410,916,335.4,84,2
1,410,922.2,287.7,248,3
1,411,908.1,543.2,1212,1
1,411,672.9,409.6,532,2
1,412,919.6,530.1,1304,1
1,413,922.5,559.1,1256,1
1,413,1163.8,545.4,160,2
1,413,1135.1,444.5,268,3
1,414,940.2,541.8,1216,1
1,414,1135.7,658.3,216,2
1,415,919,545.1,1224,1
1,415,683.2,675.1,1036,2
1,415,738.4,666.9,256,3
1,416,912.8,550.8,1224,1
1,416,1059,710.1,120,2
1,417,915.4,544,1200,1
1,417,653.5,528.6,148,2
1,417,933.8,308.9,140,3
1,418,918.9,535.7,1244,1
1,418,1123.2,419,140,2
1,419,922.4,541.5,1244,1
1,419,808.7,354,136,2
1,420,909.3,547.8,1216,1
1,420,1181.3,546.7,148,2
1,420,937.1,794.2,136,3
1,420,917.2,782.9,820,4
1,421,920.1,541.5,708,1
1,422,918.3,551.4,1212,1
1,423,916.6,545.4,1236,1
1,423,733.7,478.9,120,2
1,424,913.3,556.9,1272,1
1,425,889.7,654,208,1
1,425,910.6,416.7,228,2
1,425,915.7,511.7,720,3
1,425,909.2,300.4,160,4
1,426,907.8,525.4,1224,1
1,426,1183.8,527.7,152,2
1,426,1155.1,680.1,144,3
1,427,905.2,549.9,1336,1
1,428,909.8,547.1,1316,1
1,428,687.1,409.7,916,2
1,429,915.2,558.7,1336,1
1,430,904.9,545.9,1332,1
1,430,677.6,439.5,268,2
1,431,904.6,503.5,656,1
1,431,912.6,508.3,628,2
1,432,917.9,538.4,1204,1
1,433,903,532.6,1292,1
1,433,672,421.5,196,2
1,433,676,404,604,3
1,434,918.4,536.8,560,1
1,434,909.7,552.1,524,2
1,434,799.8,735.3,120,3
1,435,913.5,537.7,1200,1
1,435,663.6,544,92,2
1,435,705.2,452.6,120,3
1,436,917.9,544,1232,1
1,436,770,728.3,108,2
1,437,919.2,548.3,336,1
1,437,913.5,545,876,2
1,437,906.9,316.1,136,3
1,438,908.8,543.7,1224,1
1,438,728.3,679.4,144,2
1,439,912.6,547.6,1296,1
1,439,921.4,776,276,2
1,440,947,512,292,1
1,440,914.6,531.2,640,2
1,441,920.3,532.3,1212,1
1,442,900.5,549,1336,1
1,442,1143.6,649.6,308,2
1,443,927.9,533.9,1224,1
1,443,648.7,519.8,132,2
1,443,887.4,798.2,128,3
1,444,903.9,554.7,1224,1
1,444,1000.5,351.5,112,2
1,444,676.8,455.8,208,3
1,445,921,548.7,1204,1
1,445,909.6,287.9,224,2
1,446,918.1,552,1208,1
1,446,769.1,746.5,92,2
1,447,925,552.8,1228,1
1,447,1149.4,452.5,164,2
1,448,910.1,522.2,1208,1
1,448,1019.8,352.5,164,2
1,448,916.6,829.4,180,3
1,449,912,545.3,1228,1
1,449,900.3,776.2,116,2
1,450,914.5,542.9,1212,1
1,450,1135.5,435.7,164,2
1,451,908.1,543.2,1244,1
1,451,660,561.8,76,2
1,451,968.3,301.6,132,3
1,452,918.2,536,544,1
1,452,905.4,450.5,652,2
1,452,911,824.9,132,3
1,453,904.8,574.3,296,1
1,453,907.7,576.8,992,2
1,454,927.9,565.6,1204,1
1,454,688.3,562,128,2
1,454,1192.5,450.1,200,3
1,455,920.2,549.5,1196,1
1,455,850.9,788.9,92,2
1,456,919.2,551.8,1196,1
1,457,911.3,538.1,1200,1
1,458,904.5,551.7,1200,1
1,459,910.2,549,1208,1
1,459,697.2,423.4,160,2
1,460,914,540.5,1236,1
1,461,918.2,525.8,1232,1
1,461,1119,540.2,136,2
1,461,1142.5,416.1,160,3
1,461,1161.3,394.6,1064,4
1,462,911.1,551,1216,1
1,462,1146.6,675.3,336,2
1,463,901.5,551.2,1248,1
1,463,1021.7,406.3,116,2
1,463,1168.6,698.4,184,3
1,463,1172.3,668.9,368,4
1,463,1149.4,651.2,200,5
1,464,916.6,543.5,1220,1
1,465,910.6,560.8,1212,1
1,466,918.6,516.8,1228,1
1,466,902.4,311.6,112,2
1,467,921.1,535.6,1260,1
1,467,1097.4,645,108,2
1,468,905.7,551.4,1280,1
1,469,908.3,553.1,1276,1
1,470,914.8,554,1188,1
1,470,794.5,368.4,168,2
1,470,694.9,706.3,236,3
1,471,916.7,545,1196,1
1,471,828,335.4,92,2
1,472,917.6,543.1,1268,1
1,472,768.7,582,116,2
1,473,914.2,535.9,1228,1
1,473,1147.7,642.8,180,2
1,473,1167.2,663.5,764,3
1,474,913.9,551.4,1228,1
1,474,684.5,415.3,200,2
1,475,898.2,557.5,1208,1
1,475,795.5,347,104,2
1,475,1153.4,444.7,160,3
1,476,920.8,548.2,1320,1
1,477,922.1,551.7,448,1
1,477,912.3,555.1,768,2
1,477,690.9,419.7,180,3
1,478,913.7,547.4,1268,1
1,479,916.5,559.2,1208,1
1,479,1054.4,349.2,112,2
1,480,913.9,545.9,1248,1
1,481,919.3,550.9,1220,1
1,481,704.8,647.6,176,2
1,482,906.2,546.9,1256,1
1,482,1133.7,451.1,160,2
1,483,909.9,562.5,1228,1
1,483,1187.9,552.7,88,2
1,483,651.2,672.1,228,3
1,484,916.2,546.6,1344,1
1,485,917.2,546.2,1216,1
1,485,656.1,532.3,92,2
1,485,977.6,292.4,116,3
1,486,914.5,539,1264,1
1,486,701.4,669.7,992,2
1,487,904.5,558.2,1220,1
1,487,806.5,380.8,128,2
1,488,920.9,556.5,1220,1
1,488,1206.1,540.8,160,2
1,489,910.8,543.3,1196,1
1,489,1194.9,547,120,2
1,490,927.9,556.3,1208,1
1,490,689.8,686.6,280,2
1,491,914.1,546.8,1168,1
1,492,914.6,553.7,1216,1
1,492,1126.2,452.3,160,2
1,493,909,537.2,1260,1
1,493,884.9,760.7,160,2
1,494,915.4,547.7,1212,1
1,495,902.4,555,1212,1
1,496,911.5,558.2,1196,1
1,497,909.6,538.9,1212,1
1,498,924.5,547.7,1280,1
1,498,890.3,372.3,104,2
1,498,906.9,323.9,136,3
1,498,896.6,283.6,164,4
1,499,902.4,523.6,1272,1
1,500,907.8,551.8,284,1
1,500,909.3,547.8,772,2
1,501,915.6,560.8,1216,1
1,501,1112.8,761.3,140,2
1,502,918,567.5,1260,1
1,502,932.4,781.2,300,2
1,503,915.7,561.3,1316,1
1,503,978.8,1901.6,264,2
1,503,1430.9,2083.8,272,3
1,503,819,536.3,148,4
1,503,773.2,400.5,136,5
1,503,810,327.3,264,6
1,504,912.6,541.6,1228,1
1,504,797.7,348.1,100,2
1,505,918.2,540.1,1256,1
1,505,1192.3,533.6,80,2
1,505,666.9,429.5,216,3
1,506,912.2,550.5,1224,1
1,506,896.4,354.8,128,2
1,507,993.1,544.2,1260,1
1,507,909,335.1,184,2
1,508,910.2,551.8,1424,1
1,509,906.7,512.5,1424,1
1,510,953.5,527.4,1284,1
1,510,967.9,463.4,52,2
1,510,1088.5,463.5,88,3
1,511,903.8,541.8,1224,1
1,511,886.9,290.9,628,2
1,512,905.4,544.1,1224,1
1,512,645.7,558.1,124,2
1,512,931.6,800.7,136,3
1,513,904.7,575.5,644,1
1,513,906.4,548.2,576,2
1,514,913.6,545.9,1260,1
1,514,1127.5,645.2,184,2
1,515,926.4,570.7,240,1
1,515,922,535.1,904,2
1,516,912.1,546.7,1240,1
1,517,910.9,558.3,1212,1
1,517,648,573.5,88,2
1,518,918.3,550.5,1196,1
1,519,916.6,548,1248,1
1,519,804.5,718.4,60,2
1,519,929.1,318.6,120,3
1,520,912.4,546.1,1244,1
1,520,667.8,451,140,2
1,521,913.2,550.1,1244,1
1,521,890.1,287.7,212,2
1,522,902,555.1,1220,1
1,522,1192.9,557.8,140,2
1,523,975.3,537.1,292,1
1,523,935.8,536.8,140,2
1,523,900,551.7,736,3
1,524,916.5,545.1,1224,1
1,525,919,538.9,1244,1
1,526,912.7,516.9,1212,1
1,526,785.7,332.7,144,2
1,526,683.9,661.1,936,3
1,527,908.4,526.5,1300,1
1,527,1124,411.9,144,2
1,528,914.8,548.3,272,1
1,528,906.7,536.5,764,2
1,528,638.4,562.9,148,3
1,528,675.4,685.1,200,4
1,529,918.5,556.4,1252,1
1,529,1044.3,731.6,112,2
1,529,924.9,337.9,224,3
1,530,916.4,549.6,1300,1
1,530,926.7,812.4,152,2
1,531,916.8,555.5,264,1
1,531,911.9,542,952,2
1,531,941.4,733.3,112,3
1,532,919.1,540.7,1236,1
1,532,1138.6,531.7,140,2
1,532,699.9,426,152,3
1,533,914.4,546.1,1196,1
1,533,1219.4,533.6,72,2
1,533,649.6,429.1,136,3
1,533,681.8,417.3,560,4
1,534,922.5,542.6,1232,1
1,535,906.5,495.6,1376,1
1,535,1160.5,677.3,268,2
1,536,915.4,536.1,1284,1
1,536,934.6,345,120,2
1,536,915,293.4,72,3
1,536,897.4,260.5,216,4
1,536,904.4,259.7,264,5
1,537,926.1,553.7,1256,1
1,537,915.2,724.8,144,2
1,538,911.9,545.4,1204,1
1,538,666.4,683.8,232,2
1,538,678.5,676.7,484,3
1,539,909.7,535.1,1236,1
1,539,678.9,416.3,160,2
1,540,908.8,553.1,224,1
1,540,900.5,545.1,1000,2
1,541,907.9,556.3,1200,1
1,541,642.6,548.9,120,2
1,541,681.4,411.1,876,3
1,542,906,561,1204,1
1,542,648.1,551.7,108,2
1,542,1226.9,691.1,116,3
1,543,907.5,558.5,1204,1
1,543,1049.4,365.9,140,2
1,543,941.2,804.7,216,3
1,545,918.7,552.7,328,1
1,545,902.9,544.6,896,2
1,545,1130.1,639.2,184,3
1,545,1160.7,662.5,528,4
1,546,918.8,545.5,1212,1
1,547,914.3,544,1248,1
1,547,817.5,355.9,44,2
1,547,1145.7,424.1,188,3
1,548,910.2,556.7,1188,1
1,548,652.8,695.5,108,2
1,549,917.2,546,1216,1
1,549,726,636.4,136,2
1,550,919.3,546.3,1232,1
1,550,1108.4,444.7,124,2
1,551,902.4,559.8,1244,1
1,551,763.2,780.5,84,2
1,551,938.5,314.9,144,3
1,552,915,554.6,1184,1
1,552,662.4,425.8,304,2
1,553,911.6,571.5,300,1
1,553,903.2,549.4,888,2
1,553,1198.9,564.2,116,3
1,554,944.5,566.3,292,1
1,554,918.6,546.2,880,2
1,554,1153.8,437.2,428,3
1,555,915.9,550.3,1208,1
1,555,1026.5,331.2,144,2
1,556,924.9,554.4,1256,1
1,556,842.5,688.6,44,2
1,557,912.3,547.8,1188,1
1,557,638,579.4,120,2
1,558,927.9,555,1224,1
1,558,1141.4,461.1,176,2
1,559,925.9,536.9,1228,1
1,559,900.3,334.4,128,2
1,560,915.8,550.5,1204,1
1,561,910.6,545.9,1208,1
1,561,785.5,326.3,140,2
1,562,906.4,557.7,1204,1
1,563,914,548.1,1220,1
1,564,918.5,533.9,1208,1
1,564,1054.2,341.7,140,2
1,565,919.7,529.7,1216,1
1,565,1005.3,337.5,108,2
1,565,922.8,289.2,152,3
1,566,910.4,540.7,300,1
1,566,899.8,487.2,456,2
1,566,933,476.9,136,3
1,566,903.5,272.8,232,4
1,566,915.2,261.9,872,5
1,567,912.4,545.1,1216,1
1,567,752.5,765.2,132,2
1,568,936.5,593,548,1
1,568,927.3,567.9,156,2
1,568,918,538.5,524,3
1,569,925.6,549,1288,1
1,569,904.3,315.7,84,2
1,569,925,289.4,168,3
1,570,909.1,524.2,1200,1
1,571,909.6,544.4,1344,1
1,571,1183.8,431.5,136,2
1,572,909.3,507.2,1368,1
1,573,915.6,537.7,1228,1
1,573,795.5,765.4,96,2
1,574,896.6,544.3,1200,1
1,574,1231.6,553.7,128,2
1,574,1137.5,713.5,100,3
1,574,1135.9,669.9,588,4
1,575,919.4,546.2,1220,1
1,575,1150.3,432.8,1596,2
1,575,949.7,741.9,164,3
1,575,1121.2,492.1,196,4
1,575,1148.8,433.3,220,5
1,575,1132.4,594.4,72,6
1,576,930.3,540.6,1252,1
1,576,713.4,447,232,2
1,576,688.8,425.7,288,3
2,1,956.7,514.6,272,1
2,1,951.6,469.7,176,2
2,1,955.3,305.3,780,3
2,1,1083.7,320,3064,4
2,1,1086.5,325,664,5
2,1,1074.9,326.3,2032,6
2,1,653.4,1858.7,208,7
2,1,618,1856,116,8
2,1,1062.6,1870.3,68,9
2,1,1547.9,1990.4,100,10
2,1,794.2,1892.3,168,11
2,1,683.8,1924.6,180,12
2,1,734.8,1918,68,13
2,1,1018.1,353.7,128,14
2,2,959,523.5,36,1
2,2,968,500.4,256,2
2,2,952.3,442.2,120,3
2,2,954.9,314.2,492,4
2,2,1006.7,327.9,240,5
2,2,957.7,291.3,280,6
2,2,821.5,762,180,7
2,2,941.7,294.8,276,8
2,2,949.8,279.8,516,9
2,2,832.4,750.1,156,10
2,2,964.4,322.4,100,11
2,2,950.7,275.2,1888,12
2,2,954,288,852,13
2,2,951.1,294.9,1076,14
2,2,522.1,1917.4,164,15
2,2,631,1997.3,156,16
2,2,738.6,2055.8,236,17
2,2,965.9,414,112,18
2,3,937.2,473.2,172,1
2,3,955.2,344.4,384,2
2,3,946.6,327.6,484,3
2,3,957.7,299.7,256,4
2,3,731.1,408.5,972,5
2,4,955.6,499,280,1
2,4,939.6,502.2,184,2
2,4,959.7,386.3,172,3
2,4,950.5,330.6,564,4
2,4,714.7,547.7,400,5
2,4,735.9,666.9,220,6
2,4,703.9,550.5,332,7
2,4,735.4,664.4,1756,8
2,4,603.4,2123.9,84,9
2,4,723.4,844.8,44,10
2,4,778.9,600.3,248,11
2,5,969.1,524.4,28,1
2,5,955.8,484.7,492,2
2,5,962,343.4,716,3
2,5,745.9,418.5,252,4
2,5,727.8,406.9,128,5
2,5,1098.7,710.3,188,6
2,5,737.9,357.8,220,7
2,5,727.8,411.7,1492,8
2,5,733,417.6,700,9
2,5,733.5,443.5,56,10
2,5,773.7,475.3,104,11
2,6,954.3,532.6,180,1
2,6,955,415.5,132,2
2,6,956.2,331.6,920,3
2,6,734.1,413.9,1180,4
2,7,966.2,529.3,244,1
2,7,937.3,453.2,456,2
2,7,977.3,487.5,260,3
2,7,957.3,523.1,308,4
2,7,772.3,669.7,208,5
2,7,829.1,750.2,192,6
2,7,744.8,682.4,400,7
2,7,821.7,725.8,152,8
2,7,740.2,661.6,484,9
2,7,813.5,665.6,348,10
2,8,947.3,529.3,352,1
2,8,957.5,523.6,900,2
2,8,1170.7,642.6,156,3
2,8,1189.3,657.4,188,4
2,8,1078,512.2,132,5
2,9,949.6,518.2,480,1
2,9,947.9,480.2,440,2
2,9,958.8,271.1,356,3
2,9,1052.9,501.4,88,4
2,10,950.5,536.5,220,1
2,10,955.5,428.6,156,2
2,10,950.9,369.9,612,3
2,10,956.4,338.5,316,4
2,10,851.3,691,304,5
2,10,1195.7,654.8,2228,6
2,11,953.6,535.5,48,1
2,11,945.2,484.3,304,2
2,11,952.7,534.5,168,3
2,11,956.5,312.5,504,4
2,11,935.9,298.7,136,5
2,11,715.4,438.4,200,6
2,11,722.2,426.6,92,7
2,12,969.9,532.3,476,1
2,12,964.3,381.3,640,2
2,12,1010.2,442.6,112,3
2,12,708.2,394.1,140,4
2,12,725.2,393.1,1068,5
2,12,853.2,471.6,120,6
2,13,963.5,501.2,252,1
2,13,943.9,392.6,180,2
2,13,951.4,341.6,400,3
2,13,952.1,467.6,328,4
2,13,704.7,551.3,548,5
2,13,1190.1,626.4,232,6
2,13,1194.4,656.7,1880,7
2,14,956.8,526.5,1284,1
2,14,1161.3,598.8,204,2
2,14,1184.7,641.8,808,3
2,14,1193.5,644.9,648,4
2,15,953.7,527.5,672,1
2,15,967.6,526.3,232,2
2,15,948.6,420.5,340,3
2,15,747.8,645.3,208,4
2,15,735.9,665,776,5
2,15,734.9,650.1,608,6
2,15,734.9,650.8,292,7
2,15,609.8,2122.8,152,8
2,15,917.1,689.4,232,9
2,15,728.3,668,168,10
2,16,951.3,537.7,312,1
2,16,984.9,385,944,2
2,16,963.6,745.1,308,3
2,16,959.9,626.4,360,4
2,16,942.7,777,604,5
2,16,952.5,773.1,792,6
2,16,870.2,1423.2,28,7
2,17,950.6,543.4,320,1
2,17,968.5,398.6,756,2
2,17,1185.4,418.3,628,3
2,17,1105.2,540.8,132,4
2,18,963.6,535.6,412,1
2,18,962.2,491.4,812,2
2,18,1088.1,328.5,244,3
2,18,1148.9,452.1,104,4
2,18,1182.6,670.5,256,5
2,18,1189.9,650.6,1232,6
2,19,961.7,549,56,1
2,19,961.9,521.3,1176,2
2,19,1172.2,635.3,364,3
2,19,1188,643.2,296,4
2,20,950.4,531.5,916,1
2,20,942.1,446.6,276,2
2,20,1212,539.3,964,3
2,20,1219.5,550.9,252,4
2,20,1183.7,667.4,224,5
2,20,1193.7,645.5,720,6
2,21,964.9,546,1280,1
2,21,745.5,636.3,152,2
2,21,724.5,667.2,172,3
2,22,953.9,550.6,364,1
2,22,961.8,460.9,452,2
2,22,939.3,495.5,156,3
2,22,861.4,309.7,124,4
2,22,824.9,316.9,520,5
2,22,1203.6,386.8,204,6
2,22,1186.4,412,372,7
2,22,638.7,2140.5,132,8
2,23,963,550,888,1
2,23,960,457.1,360,2
2,23,955.4,293,1048,3
2,23,600.2,2105.8,148,4
2,24,965.2,546,284,1
2,24,950.2,378.1,668,2
2,24,829.1,328.9,380,3
2,24,1188.8,657,804,4
2,25,964.4,535.9,888,1
2,25,973.1,472.4,400,2
2,25,953.1,276.1,352,3
2,25,626,2042.6,160,4
2,26,956.2,533.5,828,1
2,26,977.2,515.6,276,2
2,26,961.5,533.7,124,3
2,26,1181,430.2,1068,4
2,26,929.8,639.2,148,5
2,26,676.7,1889.2,136,6
2,27,957.5,550.1,300,1
2,27,970.1,368.6,664,2
2,27,1076.1,326.2,240,3
2,27,1180.6,630.1,140,4
2,27,1191.9,665.8,340,5
2,27,1115.4,601.8,196,6
2,27,1197.6,656.6,220,7
2,27,1133.6,484.6,136,8
2,28,963,528.5,488,1
2,28,975.8,423.7,340,2
2,28,962.1,334,332,3
2,28,1228.1,549.5,180,4
2,28,956.4,747.5,204,5
2,28,963.1,782.2,200,6
2,29,974.7,546.2,1248,1
2,29,1067,727.9,144,2
2,29,1095.5,751.2,200,3
2,29,957.9,786.2,280,4
2,29,1087.3,756,440,5
2,29,1024.8,737.7,172,6
2,29,963.8,780.1,616,7
2,30,963.3,546.2,472,1
2,30,1009.4,380.6,740,2
2,30,948.5,795.3,308,3
2,31,979.8,505.7,268,1
2,31,939.8,531.8,1004,2
2,31,852.4,649.2,148,3
2,32,964,563.7,428,1
2,32,978.7,529.6,756,2
2,32,1110.3,405.2,132,3
2,32,1089.1,351.4,332,4
2,33,961.3,553.9,396,1
2,33,1017.5,404.1,460,2
2,33,976,497.9,204,3
2,34,970.1,552,448,1
2,34,1106.4,422.7,236,2
2,34,1169.9,427.3,256,3
2,34,965.6,546.2,228,4
2,34,758.1,431.4,172,5
2,35,972.1,558.6,268,1
2,35,958.6,486.3,152,2
2,35,975.1,376.7,768,3
2,36,972.4,554,232,1
2,36,991.9,516.4,212,2
2,36,1109.9,461.7,544,3
2,36,960.5,549.4,256,4
2,37,974.9,526.1,176,1
2,37,1101.3,472.3,260,2
2,37,1181.5,420.8,780,3
2,37,1199.4,665,1516,4
2,38,999.4,527.8,532,1
2,38,1183.2,443.5,684,2
2,38,776.6,406.4,136,3
2,39,1004.2,560.5,576,1
2,39,1179.9,460.9,644,2
2,39,1085.3,351.2,316,3
2,39,1096.3,324.7,680,4
2,39,739.6,670.2,408,5
2,39,751.9,673.7,1608,6
2,40,970.6,544,184,1
2,40,998,442.2,356,2
2,40,1180,418.8,520,3
2,40,1022.1,328.1,144,4
2,40,1088.2,331.6,140,5
2,40,752.6,387.7,184,6
2,40,731.5,407,980,7
2,40,761.8,409.1,176,8
2,40,740.3,420.4,208,9
2,41,968.7,561,328,1
2,41,947.6,528.1,184,2
2,41,833.8,458.5,256,3
2,41,946.2,515.3,416,4
2,41,849.5,765.2,144,5
2,41,1189.3,654,300,6
2,42,960,556.2,380,1
2,42,1006.1,524.7,844,2
2,42,712.8,548.9,172,3
2,42,967,795.3,296,4
2,42,976.8,790.5,836,5
2,42,969.8,774.8,1052,6
2,43,965.1,551.9,1232,1
2,43,730.8,403.2,1004,2
2,44,975.9,561.8,284,1
2,44,960.6,537.5,228,2
2,44,995.7,454.3,288,3
2,44,1180.6,421.9,368,4
2,44,856.9,345.5,152,5
2,44,827.5,335,276,6
2,44,1181.2,401.1,372,7
2,45,979.7,515.6,1260,1
2,45,762.4,690.2,152,2
2,45,734,686.1,532,3
2,45,744.9,668.9,528,4
2,46,980.1,543.2,1248,1
2,46,757.8,673.4,280,2
2,47,969.6,539.2,512,1
2,47,1105.7,455.8,680,2
2,47,1214.8,530.1,144,3
2,47,745.3,419.4,356,4
2,47,734.3,395.3,1372,5
2,48,968.4,550.6,344,1
2,48,969,485.9,740,2
2,48,1225.1,547.5,332,3
2,48,1196.6,680.8,528,4
2,48,1207,625.1,248,5
2,49,968.3,561.8,1232,1
2,49,784.6,678.4,128,2
2,49,740.4,679.4,468,3
2,49,767.9,683.4,436,4
2,50,963.8,553,364,1
2,50,1000.5,514.8,700,2
2,50,980.6,533.9,152,3
2,50,720.1,558.8,180,4
2,51,970.6,525.3,184,1
2,51,957.2,331.7,376,2
2,51,971.2,448.9,212,3
2,51,961.6,512.1,216,4
2,51,748.8,399.3,176,5
2,51,736,410.8,652,6
2,52,966.1,541.3,64,1
2,52,937.7,483.3,328,2
2,52,969.2,536.8,788,3
2,52,838.8,312.3,164,4
2,52,728.8,667.5,828,5
2,53,959.8,544.3,460,1
2,53,954.4,395,556,2
2,53,967.9,526.9,216,3
2,53,1179.7,421.9,1024,4
2,53,1189.1,414.4,204,5
2,53,1183.4,424.4,552,6
2,54,964.6,548.8,340,1
2,54,1144.9,390.4,220,2
2,54,1187.6,425.9,356,3
2,54,980.7,545.2,248,4
2,54,989.8,308.5,132,5
2,54,964.4,285.3,1060,6
2,55,968.5,534.3,332,1
2,55,980.6,547.3,172,2
2,55,963.7,445.5,536,3
2,55,977.2,541.6,128,4
2,55,1239.2,542.1,92,5
2,56,980.9,502,284,1
2,56,962.9,532.3,196,2
2,56,981.1,416.4,768,3
2,56,783.8,402.1,140,4
2,56,739.9,412.4,324,5
2,56,1107.9,713.9,180,6
2,56,1100.6,745.2,208,7
2,57,987.6,504.3,288,1
2,57,964.9,533.5,940,2
2,57,1091.5,731.8,292,3
2,57,1187.1,659.5,304,4
2,58,977.6,539.5,336,1
2,58,962.5,521.4,440,2
2,58,982.8,542.2,212,3
2,58,1076.4,337.8,184,4
2,58,1104.9,322.6,668,5
2,58,961.6,796,248,6
2,58,971,784.4,1008,7
2,59,959.4,545.6,1288,1
2,59,742.9,674.6,816,2
2,59,749.4,664.6,452,3
2,60,982.9,521.8,316,1
2,60,955.1,535.2,172,2
2,60,808.7,407,240,3
2,60,964.6,558.3,432,4
2,60,839.9,331,156,5
2,60,729.2,402,804,6
2,60,739.7,403.6,260,7
2,61,965.3,542.2,348,1
2,61,978.8,534.9,884,2
2,61,848.3,340.2,160,3
2,61,761.7,370.2,176,4
2,62,983,561.2,332,1
2,62,941.4,524.5,192,2
2,62,747.6,419,640,3
2,62,832.4,336.2,204,4
2,62,922.1,304.5,140,5
2,63,980,531.9,68,1
2,63,928,434,416,2
2,63,980.8,359,688,3
2,64,976.5,547.1,168,1
2,64,991.1,360.5,140,2
2,64,971.7,338.4,308,3
2,64,958,301.6,536,4
2,64,709.3,550.8,172,5
2,64,1176.2,648,196,6
2,65,968.1,551.8,508,1
2,65,1005.6,512,212,2
2,65,979,517.8,476,3
2,65,758.7,667.9,176,4
2,65,739.5,680,804,5
2,66,950,539.5,244,1
2,66,971.7,458,352,2
2,66,954,304.4,428,3
2,66,970.8,508.9,140,4
2,66,1160.1,437.6,172,5
2,66,1186.9,428.9,336,6
2,67,972.9,551.8,48,1
2,67,998.5,493,380,2
2,67,1177.7,420.6,556,3
2,67,961.7,556.7,224,4
2,67,984,651.1,76,5
2,67,766.8,667.6,156,6
2,68,973.7,554.5,1220,1
2,68,1237.6,562.9,168,2
2,68,956.3,305.1,164,3
2,69,969.8,531.2,1260,1
2,69,750.3,438.8,168,2
2,70,1040.7,526.8,556,1
2,70,1159.5,464.6,680,2
2,70,849,344.5,204,3
2,70,1086.5,362.4,240,4
2,70,852.6,322.8,152,5
2,71,962.3,530.5,1252,1
2,72,963.7,533.5,464,1
2,72,980.9,322.1,712,2
2,72,1094.7,332.4,292,3
2,72,1088.6,399.6,40,4
2,72,955.8,795.8,224,5
2,73,967.9,541.4,176,1
2,73,973.2,353.8,140,2
2,73,962.4,330.3,716,3
2,73,990.7,328.1,132,4
2,73,958.1,299.8,456,5
2,73,782.5,678.1,124,6
2,73,962.2,753.7,92,7
2,74,973.8,547.8,708,1
2,74,977.7,310.6,524,2
2,74,891.3,769.5,172,3
2,74,973.2,791.9,1044,4
2,75,958.5,550.3,340,1
2,75,985.9,535.5,260,2
2,75,972.1,542.3,584,3
2,76,974.6,544.9,344,1
2,76,1013.7,532.6,248,2
2,76,986.5,541.1,592,3
2,76,1104.4,315.4,164,4
2,76,741.8,403.9,644,5
2,77,967.2,549.2,508,1
2,77,1002.1,499,712,2
2,78,1019,482.9,188,1
2,78,997.3,432.4,208,2
2,78,976.8,336.2,748,3
2,78,1215.1,542,124,4
2,78,1197.5,419.9,1072,5
2,78,1191.1,419,1704,6
2,79,1003.1,503.2,292,1
2,79,967,539.2,248,2
2,79,1077.3,501.2,624,3
2,79,1184.8,435.9,820,4
2,80,985.8,559.3,424,1
2,80,1179.5,438.4,928,2
2,81,971.8,534.8,1304,1
2,81,782.9,628.4,140,2
2,81,754.6,668.7,1804,3
2,81,749.8,667,724,4
2,82,966.5,553.1,1208,1
2,82,1059.6,318.1,240,2
2,82,944.9,295.3,248,3
2,82,962.9,296.7,448,4
2,83,973.2,551.3,1220,1
2,84,973.9,542.7,256,1
2,84,977.8,309,320,2
2,84,957.6,328.3,572,3
2,84,836.6,326.5,240,4
2,84,973.4,799.4,1616,5
2,85,971.2,550,1228,1
2,85,962.4,280.6,452,2
2,86,959,553.9,184,1
2,86,974.7,457,204,2
2,86,953.4,420,176,3
2,86,965.1,319,300,4
2,86,1147.3,661.4,180,5
2,86,961.1,563.6,100,6
2,86,770.6,431.1,152,7
2,87,970.5,541.5,1260,1
2,88,960.3,519.9,196,1
2,88,989.6,397.6,144,2
2,88,969.1,351.4,840,3
2,89,969.2,553.4,1228,1
2,90,975.5,541.7,1276,1
2,90,756.4,678.4,1128,2
2,91,967.5,550.6,96,1
2,91,987.2,536.9,228,2
2,91,963.9,498.5,884,3
2,91,978.4,811.9,364,4
2,92,967.8,552.7,1236,1
2,92,968,292.9,980,2
2,93,967.9,537.7,68,1
2,93,990.6,511.8,208,2
2,93,976.9,439.6,196,3
2,93,970.6,316,568,4
2,93,996.9,475.3,120,5
2,93,735.6,414.8,584,6
2,94,978.7,542,416,1
2,94,990.2,392.7,380,2
2,94,973.8,558.6,424,3
2,94,779.1,649.9,188,4
2,94,756.2,677.8,600,5
2,95,970.6,555.6,1244,1
2,95,762.1,417.8,152,2
2,95,735.4,412.6,968,3
2,95,745.2,407.9,316,4
2,96,947.2,528.8,264,1
2,96,974.2,552.2,936,2
2,96,1221.1,561.5,152,3
2,96,765,396.7,128,4
2,96,727.1,408.7,376,5
2,96,747.3,414.9,188,6
2,96,729.8,419.1,460,7
2,97,974.5,549.4,1064,1
2,97,996,545.8,200,2
2,97,984.4,330.8,120,3
2,98,984.5,533.8,440,1
2,98,1101.6,432.5,208,2
2,98,1177.7,440.5,232,3
2,98,999.6,506.7,252,4
2,98,1231.3,569.2,156,5
2,98,758.9,677.4,276,6
2,99,974.9,554,320,1
2,99,963.6,501.1,220,2
2,99,969.5,378.3,620,3
2,99,1222.6,557.1,248,4
2,99,781,665.1,148,5
2,99,751.8,683.1,784,6
2,99,755.9,675.8,816,7
2,100,966.3,556.4,276,1
2,100,972,523,912,2
2,100,1195.8,426.4,556,3
2,100,992.8,745.3,112,4
2,101,943.5,522.5,1248,1
2,101,1199.9,530.8,188,2
2,101,741.2,424.8,208,3
2,101,715.9,416.6,436,4
2,101,720.2,408,1908,5
2,101,710.8,417.5,404,6
2,101,719.7,413.2,1688,7
2,102,948.3,420.4,260,1
2,102,925.9,406.7,284,2
2,102,945.7,505.3,416,3
2,102,1086.7,454.5,220,4
2,102,1131,446.6,36,5
2,102,743.8,636.5,144,6
2,103,958.7,530.8,496,1
2,103,952.9,317.3,680,2
2,103,748.6,701.6,140,3
2,103,728.9,675.9,276,4
2,103,739.7,665.4,388,5
2,104,955.3,546.3,88,1
2,104,956.6,528.6,1104,2
2,104,1090.6,327.8,164,3
2,104,730.4,679,696,4
2,104,733,669.5,1060,5
2,105,949.6,518.4,320,1
2,105,1002.1,492.8,204,2
2,105,971.2,496.2,324,3
2,105,952,517.7,324,4
2,106,961.6,543.3,204,1
2,106,1021.2,488.1,256,2
2,106,962.7,491.7,696,3
2,106,1198.1,417,172,4
2,107,964.8,531.8,200,1
2,107,1052,488.3,232,2
2,107,1143.2,426,768,3
2,107,852.3,336.8,176,4
2,108,955.1,550,300,1
2,108,944,536.7,888,2
2,109,964.5,530.6,60,1
2,109,1053,471.7,256,2
2,109,1159.2,432.8,872,3
2,109,814.8,579.2,104,4
2,109,729.4,450.6,296,5
2,109,820.5,732.9,188,6
2,109,728.1,417.1,796,7
2,110,953,563.4,1208,1
2,110,719.1,535.9,152,2
2,111,970,525.5,512,1
2,111,1155.4,453.2,432,2
2,111,959.6,420.3,264,3
2,112,965.2,547.9,724,1
2,112,966.1,459,500,2
2,112,734.8,528.7,116,3
2,112,950.4,304.8,980,4
2,112,469,1886.6,28,5
2,112,504.4,1725.5,48,6
2,112,994.4,384.1,28,7
2,113,952.5,532,1224,1
2,113,726.8,506.2,128,2
2,114,964.5,507.2,1208,1
2,114,832.5,320.7,188,2
2,114,946.6,774.7,248,3
2,114,959.5,789,2080,4
2,114,949.7,795.8,720,5
2,115,965.8,539.1,516,1
2,115,1026.2,501.4,184,2
2,115,959.5,537.2,460,3
2,115,1219.7,561.7,236,4
2,116,977.1,562.2,492,1
2,116,1167,455.1,684,2
2,117,978.1,576.9,276,1
2,117,963.3,560.4,952,2
2,117,755.1,679,212,3
2,117,738.4,701.3,872,4
2,117,745.5,684.4,348,5
2,117,734.2,662.6,392,6
2,117,751.7,668,44,7
2,117,727.6,669.5,380,8
2,118,963.2,527.9,1224,1
2,118,1208.7,555.5,228,2
2,119,966.4,543.8,1208,1
2,120,959,522.2,504,1
2,120,1006.6,488.4,184,2
2,120,1150.8,428.5,480,3
2,120,741,560.7,128,4
2,120,697.6,562.1,132,5
2,121,957,548.7,1232,1
2,121,757.6,663.7,168,2
2,121,733.2,678.9,512,3
2,122,949.3,557.3,560,1
2,122,1130.6,485.7,504,2
2,122,989.4,514.3,148,3
2,122,1185.9,414.2,140,4
2,122,1121.3,781.2,128,5
2,122,1102.1,768.2,72,6
2,123,959.5,513.7,412,1
2,123,980.7,456.3,156,2
2,123,954.5,347.1,672,3
2,123,993.3,775.3,148,4
2,124,956.6,573.5,64,1
2,124,967.1,555.6,436,2
2,124,969.1,394.1,152,3
2,124,959.7,343,496,4
2,124,863.9,790.8,152,5
2,125,964.8,570.9,532,1
2,125,984.3,700.4,712,2
2,125,758,677.2,216,3
2,125,775.7,633.4,176,4
2,126,949.9,567.1,504,1
2,126,973.9,550.7,736,2
2,126,1151,451.6,164,3
2,126,1198.5,424.5,336,4
2,126,892.7,744.6,144,5
2,126,848.5,773.1,320,6
2,126,1223.9,409.4,208,7
2,127,946.4,535,1236,1
2,127,750.5,417.1,160,2
2,127,730.2,416.8,384,3
2,127,915.4,694.9,200,4
2,127,747.8,410.5,344,5
2,128,948.9,522.4,236,1
2,128,970.4,498.9,232,2
2,128,961.3,530.7,736,3
2,129,973,499,212,1
2,129,968.7,446.2,1012,2
2,129,1077.1,458,84,3
2,129,949.5,290.3,500,4
2,130,963.6,535.9,448,1
2,130,965.3,457,256,2
2,130,958.4,518.1,484,3
2,130,1090.8,730.2,228,4
2,131,959.5,551.5,244,1
2,131,1022.3,486.5,176,2
2,131,983.8,487.3,148,3
2,131,960.2,566.3,596,4
2,132,958.1,550.4,688,1
2,132,963.7,542.5,516,2
2,133,960.3,547.8,1204,1
2,133,1173.2,441,192,2
2,133,1190.5,423,640,3
2,134,966.4,553.6,420,1
2,134,1003.1,539.1,132,2
2,134,972.1,549.4,652,3
2,135,965.1,549.9,716,1
2,135,980.2,546.5,56,2
2,135,948.4,540.5,152,3
2,135,969.7,548.9,352,4
2,136,959.2,549.9,1228,1
2,136,1202.1,564,220,2
2,136,991.4,747,152,3
2,136,961.7,789.9,728,4
2,137,963.6,538.2,1220,1
2,137,1180,442.6,572,2
2,137,1009.7,694.8,112,3
2,137,1177.7,438.4,224,4
2,138,968.4,540.9,1228,1
2,138,886.5,744.9,128,2
2,138,961.6,804.2,724,3
2,139,958.5,550.9,1228,1
2,139,1064.2,363.3,224,2
2,140,969.3,555.4,1256,1
2,140,971.6,349.2,140,2
2,140,961.1,327.3,760,3
2,141,969.5,498.1,948,1
2,141,998.8,579.3,244,2
2,141,1215.3,574.3,164,3
2,141,1002,326.8,144,4
2,141,975.8,309.3,700,5
2,142,979.4,537.2,1228,1
2,143,975.4,555.7,1264,1
2,143,780,648.7,164,2
2,143,748.8,676.9,564,3
2,144,969.5,548.3,232,1
2,144,970.1,515.7,504,2
2,144,1009.2,513.3,332,3
2,144,728.3,544.1,128,4
2,145,952.6,532.5,1232,1
2,145,1198.1,561.7,144,2
2,145,725.1,677.5,344,3
2,146,960.8,537.9,1212,1
2,146,1100.1,772.6,156,2
2,146,990.4,341.1,108,3
2,147,953.2,538.9,288,1
2,147,988,483.4,936,2
2,147,1148.2,479.2,76,3
2,148,952.2,541,304,1
2,148,974.6,515.4,152,2
2,148,951.9,391,768,3
2,148,1027.4,437.8,108,4
2,148,1154,425.3,132,5
2,148,1185.1,427.2,748,6
2,149,971.3,525.8,340,1
2,149,954.1,496.1,576,2
2,149,978.3,506.6,48,3
2,149,950.9,505.9,248,4
2,149,737.4,416.8,864,5
2,150,963.1,527.2,1232,1
2,150,738.2,424.9,632,2
2,151,943.5,507.4,440,1
2,151,745.9,394.8,320,2
2,151,728.5,418.5,404,3
2,152,959.1,531.1,472,1
2,152,962,323.3,692,2
2,152,1184,695.7,140,3
2,152,1193.8,667.6,612,4
2,153,965.7,544.8,344,1
2,153,1086.5,569.1,200,2
2,153,972.7,555.2,600,3
2,153,1085.1,323,144,4
2,153,1191.6,657.5,744,5
2,154,967.1,546.7,456,1
2,154,1034.4,563.8,532,2
2,154,995.9,565.6,276,3
2,154,952.9,353.2,128,4
2,154,739.1,399.8,504,5
2,155,965.5,521.1,336,1
2,155,1002.5,468.4,200,2
2,155,971,464.3,700,3
2,155,1067.8,647.9,140,4
2,155,1102.5,766.3,100,5
2,155,953.6,308.2,156,6
2,155,968.1,291.1,584,7
2,156,972.2,480.1,512,1
2,156,955.3,432.1,716,2
2,156,1068.4,363.9,152,3
2,156,1104,343.9,348,4
2,157,953.9,531.9,1212,1
2,157,952,326.7,176,2
2,158,964.6,545.6,368,1
2,158,1008.1,353.2,316,2
2,158,964.8,357.1,516,3
2,158,728.2,527.5,128,4
2,158,1181.7,644.9,212,5
2,159,955.2,548.8,288,1
2,159,975.7,548.6,164,2
2,159,952.1,357.6,200,3
2,159,970.2,544.8,468,4
2,159,1074.3,347.1,160,5
2,159,1179.7,664.4,188,6
2,160,976.8,547.6,292,1
2,160,963.6,491.9,172,2
2,160,958.7,433.2,704,3
2,160,749.2,687.8,592,4
2,161,975,519.7,520,1
2,161,973.3,414.3,692,2
2,161,721.7,526.5,188,3
2,161,742.9,683,500,4
2,161,748.9,662.6,388,5
2,162,967.4,541.9,460,1
2,162,975.5,522.9,828,2
2,162,843.7,745.7,264,3
2,162,758.2,713.1,220,4
2,162,752.1,687.9,736,5
2,163,952,530.1,1240,1
2,163,768.7,651.7,172,2
2,163,736.2,679.3,732,3
2,164,965.7,542.6,1212,1
2,164,733.3,556,188,2
2,164,737.6,683.5,1388,3
2,164,745.1,623.7,164,4
2,164,733.1,673.4,660,5
2,165,963.9,542.9,1228,1
2,165,970.3,805,612,2
2,166,968.1,549.4,300,1
2,166,946.9,518.9,296,2
2,166,962.3,540.5,592,3
2,166,1225,552.8,220,4
2,166,1183.8,431.3,800,5
2,167,954.9,545.7,252,1
2,167,1133.8,462.7,336,2
2,167,987.3,501.7,264,3
2,167,962.1,504.4,272,4
2,167,1060.9,327.5,140,5
2,167,956,296.6,948,6
2,168,957.9,550,224,1
2,168,977.6,423.5,160,2
2,168,960.7,354.6,296,3
2,168,984.3,558.9,472,4
2,168,1052.4,452.6,84,5
2,168,1148,448.5,164,6
2,168,1177.2,442,660,7
2,169,969.2,529.9,1260,1
2,169,967.2,317.5,192,2
2,169,862.5,742.7,156,3
2,169,957.3,281.8,872,4
2,170,972.8,539.2,284,1
2,170,977.1,387.3,148,2
2,170,968.8,346,784,3
2,170,782.8,665.8,148,4
2,171,969.5,545.9,1296,1
2,171,990,726.2,168,2
2,171,971.7,807.1,760,3
2,171,978.7,798.2,624,4
2,172,966.5,532.5,1244,1
2,172,1212.9,578.8,116,2
2,172,738.5,672.1,548,3
2,172,763.5,668.8,204,4
2,173,1020.2,523.3,256,1
2,173,969.7,551.5,960,2
2,173,725,549.3,136,3
2,173,947.3,810.3,188,4
2,174,956.9,528.7,180,1
2,174,966.7,440.7,240,2
2,174,936,414.7,268,3
2,174,952.4,538.6,468,4
2,174,737.3,416.9,996,5
2,175,960,535.1,1220,1
2,175,855.9,360.5,136,2
2,175,823.3,341.4,128,3
2,175,1174.8,653.5,208,4
2,175,1195.2,673.4,896,5
2,176,966,528.1,252,1
2,176,998,531.2,152,2
2,176,967.6,546.2,788,3
2,176,864.2,371.1,148,4
2,176,962.2,293.9,860,5
2,177,954.8,506.9,272,1
2,177,973.4,507.2,168,2
2,177,974.9,402.7,796,3
2,177,1067.2,679.8,168,4
2,177,749.1,443.7,156,5
2,177,733.5,418.1,320,6
2,177,751,409.2,336,7
2,178,957.1,509,696,1
2,178,955.4,524.1,504,2
2,178,1075.2,349.6,152,3
2,178,956.2,798.6,976,4
2,179,979.6,523.8,528,1
2,179,978.4,526.2,664,2
2,179,849.9,344.9,152,3
2,179,757.9,648.9,520,4
2,179,762.6,641.6,248,5
2,180,954.4,538.8,224,1
2,180,982.5,445.9,236,2
2,180,955.5,528.9,564,3
2,181,978.5,529.1,244,1
2,181,987.2,437.8,188,2
2,181,986.3,482.8,556,3
2,181,1104.9,758.2,152,4
2,181,757.4,699,468,5
2,181,773.9,678.5,252,6
2,182,971.7,555.8,268,1
2,182,1001.5,529.8,940,2
2,182,1206.3,683.4,804,3
2,183,972.8,551.4,240,1
2,183,804.9,417,124,2
2,183,909.1,506.8,508,3
2,183,1216.1,427.3,180,4
2,183,1195.2,413.7,624,5
2,184,951.5,504.9,32,1
2,184,938.1,519.2,256,2
2,184,966,524.9,232,3
2,184,953.5,536.6,812,4
2,184,945.6,281.7,308,5
2,185,964.2,532.2,236,1
2,185,965.8,452.7,356,2
2,185,950.9,549.3,240,3
2,185,964.9,555.8,312,4
2,185,851.7,336.4,200,5
2,185,743.1,681.2,572,6
2,185,748,675.3,664,7
2,186,973.6,551.4,512,1
2,186,954.9,578,676,2
2,186,1116.2,333.3,152,3
2,186,1194.4,422.2,296,4
2,186,1176,394,144,5
2,186,1123.5,359.1,180,6
2,187,981.7,512.6,96,1
2,187,971,499.1,1120,2
2,187,753.7,407.2,808,3
2,188,988.6,542.3,232,1
2,188,971.6,422,260,2
2,188,940.8,493.5,516,3
2,188,841.3,643.6,148,4
2,188,755.7,686.7,780,5
2,189,976.2,540.5,404,1
2,189,889.3,553.3,268,2
2,189,951.4,547.6,496,3
2,189,863.8,363.8,164,4
2,189,980,775.1,228,5
2,190,959.9,544.1,396,1
2,190,826.9,462,460,2
2,190,937.9,525.9,360,3
2,190,768.6,664.9,148,4
2,191,953.2,494.6,1276,1
2,191,883.4,743.4,140,2
2,192,961.7,539,304,1
2,192,972.5,534.8,936,2
2,193,998.2,504.2,1280,1
2,193,990.4,663.5,28,2
2,193,1012.1,803.9,292,3
2,193,957.6,572.1,712,4
2,194,981.5,547.3,304,1
2,194,951.2,526,208,2
2,194,990.9,537.1,728,3
2,194,953.5,532,40,4
2,194,818.2,522,104,5
2,194,1173.7,435,160,6
2,194,1202.5,424.8,280,7
2,195,939.6,524.5,292,1
2,195,965.6,494.9,284,2
2,195,946.1,517.2,624,3
2,195,1082.2,620.3,96,4
2,196,958.9,537,284,1
2,196,1040.9,482.9,136,2
2,196,1159.6,429.6,768,3
2,197,949.5,540.1,256,1
2,197,982,324.2,264,2
2,197,1144.4,403,280,3
2,197,1179.3,420.2,448,4
2,197,1193.3,632.7,192,5
2,198,960.2,536.5,308,1
2,198,1019.3,487.6,252,2
2,198,982.8,519.8,660,3
2,198,734.8,411.9,440,4
2,199,964.5,541,280,1
2,199,969.8,487.6,948,2
2,200,969.5,536.4,1248,1
2,200,980.4,797.6,1032,2
2,201,961.8,530.1,1232,1
2,201,966.5,284.3,560,2
2,201,1157.5,621.7,128,3
2,202,961.2,533.2,1220,1
2,202,1192.4,442.9,184,2
2,203,973,541.4,1228,1
2,203,740.7,417.2,696,2
2,204,971.7,545,280,1
2,204,1003.7,497.6,188,2
2,204,1143.4,428.9,712,3
2,204,849.5,781.5,376,4
2,204,749.1,418.7,708,5
2,205,960.4,534,548,1
2,205,967.9,542.9,668,2
2,205,726.5,406.5,656,3
2,206,969.7,514.4,276,1
2,206,915.6,437.1,192,2
2,206,828.4,415.9,192,3
2,206,952,514.6,488,4
2,206,762.7,423.5,184,5
2,206,749.4,428,480,6
2,207,973.1,537.5,292,1
2,207,945.4,500,164,2
2,207,795.4,416.1,692,3
2,207,823.7,358.4,172,4
2,208,974.8,539.3,604,1
2,208,958.9,580.4,624,2
2,209,992.7,455.4,1232,1
2,209,987.9,340,140,2
2,210,964.6,528.7,88,1
2,210,945.6,535.7,184,2
2,210,950,347.2,948,3
2,210,744.2,420.6,224,4
2,210,1081.9,780.3,372,5
2,210,751.5,446.7,180,6
2,210,729.9,431.2,1332,7
2,211,974.1,540.6,1204,1
2,211,1191.7,430.6,648,2
2,212,976.1,543.2,288,1
2,212,983.6,535.9,932,2
2,212,1197.4,642.7,176,3
2,213,1012.4,472.6,1264,1
2,213,1106.1,738.3,176,2
2,213,990.5,826,252,3
2,213,976.5,801.2,236,4
2,213,1003.6,785,288,5
2,214,972.2,543.2,1204,1
2,214,861.6,371.4,160,2
2,214,1172.5,668.7,204,3
2,214,1197.5,678.3,908,4
2,215,973.1,538.5,652,1
2,215,949.1,536.1,596,2
2,215,731.9,414.5,604,3
2,215,747.5,412.1,204,4
2,215,717.7,415.7,380,5
2,215,836.9,419.3,168,6
2,216,953.4,528.8,596,1
2,216,956.9,541.4,644,2
2,216,964.6,799.4,652,3
2,217,972.7,541.5,1232,1
2,217,1097.6,752.9,144,2
2,217,981.5,790.9,1036,3
2,218,967.6,535.7,1228,1
2,218,755.3,661.8,700,2
2,219,971.7,563.9,1224,1
2,219,840.4,772.6,104,2
2,220,980.8,549.2,1252,1
2,220,966.6,344.3,120,2
2,221,977.3,527,452,1
2,221,949.6,428.8,752,2
2,221,1149.8,420.7,152,3
2,222,985.8,518.6,320,1
2,222,981.9,518,908,2
2,222,1161.5,556.1,164,3
2,222,781.1,689.6,220,4
2,222,767.2,677.1,492,5
2,223,961.8,538.9,1244,1
2,223,846.6,366,148,2
2,223,1149.1,410.2,152,3
2,223,1190.8,421.4,680,4
2,224,973.9,544.5,376,1
2,224,968.7,519,836,2
2,225,954.9,530.3,1200,1
2,225,1171.9,439.2,636,2
2,226,973.3,547.2,324,1
2,226,1046.7,410.9,628,2
2,227,972,518.4,1252,1
2,227,1208.3,682.5,608,2
2,228,982.1,532.9,1224,1
2,229,960.3,540.5,208,1
2,229,954.4,501.3,1032,2
2,229,752.6,665.9,560,3
2,230,970.7,513.1,640,1
2,230,997.1,516.9,596,2
2,230,1002.5,788.8,284,3
2,231,972,555.1,276,1
2,231,966.6,529.7,916,2
2,232,975.4,530.8,1220,1
2,232,1075.1,324.7,156,2
2,233,977.9,528,300,1
2,233,985.6,467.1,196,2
2,233,965.8,548.6,488,3
2,233,1091,747.7,116,4
2,234,967.7,528.6,1192,1
2,234,843,346,168,2
2,234,766.9,658.6,176,3
2,234,747.5,667.3,224,4
2,234,760.9,660,352,5
2,235,982,541.3,508,1
2,235,911.8,502.3,676,2
2,235,1110.7,744.5,152,3
2,236,967.8,537,312,1
2,236,970,521.5,700,2
2,236,970.6,797.2,732,3
2,237,976.2,552.6,1236,1
2,237,796.8,665.3,168,2
2,237,763.7,678.8,744,3
2,238,960.7,526.7,912,1
2,238,919.7,526.3,284,2
2,238,1160.8,468.2,136,3
2,239,998.7,435.2,628,1
2,239,979.6,497.3,588,2
2,239,752.6,420.3,720,3
2,240,964.9,501.2,520,1
2,240,854.8,508.7,736,2
2,240,916.1,463.6,164,3
2,240,861,336.9,264,4
2,240,857.2,306.8,340,5
2,240,1165,617.7,152,6
2,241,975.8,507,1316,1
2,241,854,600.1,164,2
2,241,807,716.4,44,3
2,241,862.6,790.5,176,4
2,241,786.7,716.3,148,5
2,242,970.3,549.9,1220,1
2,243,958.5,518.6,148,1
2,243,986.6,478.3,276,2
2,243,962.2,511.6,628,3
2,243,764.9,434.2,180,4
2,244,980.4,531.2,300,1
2,244,889.1,347.6,220,2
2,244,977.7,396.8,416,3
2,244,1192.2,435.4,204,4
2,244,1208.3,422.8,108,5
2,244,849.1,336.3,268,6
2,245,985,535.8,244,1
2,245,781.8,380,808,2
2,246,964.9,554.7,328,1
2,246,924.5,522.4,344,2
2,246,950,535.6,504,3
2,247,976.2,550.7,1192,1
2,247,1231.5,560.9,204,2
2,248,994.3,524.4,216,1
2,248,1036.7,485.9,372,2
2,248,1005.4,525.4,652,3
2,248,1008.9,800.7,712,4
2,249,961.7,523.4,92,1
2,249,985.5,484.7,200,2
2,249,950.6,503,880,3
2,249,735.2,416.6,344,4
2,249,742.8,422.4,904,5
2,250,972.8,512.9,1208,1
2,250,1207.6,622.2,204,2
2,250,1189.7,643.8,580,3
2,251,982.9,509.9,56,1
2,251,941.4,424.5,308,2
2,251,984.4,490,816,3
2,251,1195.8,425.1,360,4
2,252,970.2,521.5,284,1
2,252,982.8,540.4,908,2
2,252,1244.7,549.8,224,3
2,252,1210.6,659.9,740,4
2,253,989,546.5,488,1
2,253,1176.9,630.1,708,2
2,253,996,339.9,128,3
2,253,966.2,308.1,444,4
2,253,969.3,293.7,328,5
2,254,987,537.7,1212,1
2,254,862.1,335.7,156,2
2,254,756.1,392.7,608,3
2,254,773.8,407.9,272,4
2,255,977.4,520.7,268,1
2,255,967.8,467.9,348,2
2,255,983,512.1,564,3
2,255,1231.9,543.1,124,4
2,255,758.3,408.2,676,5
2,256,973.9,528.7,1224,1
2,256,1100.6,731.7,316,2
2,256,1187.2,472.7,132,3
2,256,1195.7,430.4,700,4
2,257,984.9,505.5,196,1
2,257,1023.9,464.7,224,2
2,257,993.2,486.5,220,3
2,257,981.8,560.1,532,4
2,257,1176.1,644.5,156,5
2,258,980.2,524.8,268,1
2,258,1000.4,480.6,208,2
2,258,974.1,329.5,260,3
2,258,975.2,489.6,388,4
2,258,768.5,424.5,172,5
2,258,861.4,740.5,240,6
2,258,772,424.1,272,7
2,259,984.6,536.7,360,1
2,259,976.9,488.2,324,2
2,259,1002.1,535.6,484,3
2,260,980.3,518.1,804,1
2,260,1001.4,563.7,224,2
2,260,987.3,697,192,3
2,260,919.7,558.5,56,4
2,260,781.4,553.7,108,5
2,261,989.4,530,476,1
2,261,1155.6,458.9,736,2
2,261,871.5,705,156,3
2,261,851.1,757.9,148,4
2,262,983.3,552,1272,1
2,263,1001.9,527.4,256,1
2,263,987.2,517.7,480,2
2,263,979.2,594.6,452,3
2,263,780.8,427.7,168,4
2,263,756.4,408.4,212,5
2,264,990.8,543.2,692,1
2,264,986.2,423.7,512,2
2,265,958.4,522.4,1204,1
2,266,959.9,529.9,512,1
2,266,975.5,565.3,696,2
2,266,1180.4,650.9,152,3
2,267,982.3,528.6,612,1
2,267,1001,547.9,548,2
2,267,1112.6,339.8,188,3
2,267,757,404.3,1316,4
2,268,991.1,473.6,204,1
2,268,845.5,392.1,144,2
2,268,947.2,528.8,200,3
2,268,993.8,541.4,324,4
2,268,881.3,366.5,152,5
2,269,975.9,535,516,1
2,269,961.4,526,684,2
2,269,742.1,541.5,188,3
2,270,980.1,541.2,1236,1
2,270,967,319.7,472,2
2,271,986.3,538.8,420,1
2,271,906.6,440.8,232,2
2,271,980.6,516.1,552,3
2,272,977.1,537,156,1
2,272,988.2,468.8,900,2
2,272,1097.3,735.2,184,3
2,272,991.7,792.1,668,4
2,273,993.2,560.9,244,1
2,273,985.9,515.9,980,2
2,274,991.4,527.8,728,1
2,274,992.2,413.3,488,2
2,274,802.2,643.5,164,3
2,274,779.7,666.4,508,4
2,275,991.3,542.6,1204,1
2,275,1113.9,751.9,124,2
2,276,995.7,527.2,244,1
2,276,1103.7,451.3,764,2
2,276,924.8,563.9,216,3
2,277,991.9,516,308,1
2,277,967.2,528.3,896,2
2,277,893.4,319.8,156,3
2,278,974.8,529.9,1220,1
2,279,992.5,524.9,1212,1
2,279,1240.7,561.9,140,2
2,279,799.8,424.9,152,3
2,279,771.8,405.2,1164,4
2,280,993.6,557.5,288,1
2,280,953.9,502.5,396,2
2,280,976.4,548.6,504,3
2,280,789.9,430.5,176,4
2,281,996.5,534.3,1236,1
2,282,998.2,519.2,1012,1
2,282,1011.6,420.1,292,2
2,282,1196.9,610,440,3
2,283,979.5,534.2,272,1
2,283,968.9,496.8,968,2
2,283,803.6,638.4,168,3
2,283,767.2,675.5,288,4
2,283,792.2,658.3,304,5
2,284,976.2,528.2,336,1
2,284,1013,456.4,256,2
2,284,966.8,494.9,572,3
2,284,873.3,325.5,144,4
2,284,961,301.3,316,5
2,284,933.7,298,144,6
2,285,979.5,543.1,320,1
2,285,981.2,451.7,148,2
2,285,969.4,358.5,396,3
2,285,984.2,514,312,4
2,285,988.9,753.6,272,5
2,285,991.2,784.2,480,6
2,286,979.8,533.6,1208,1
2,287,978.9,560.2,352,1
2,287,988.6,547.4,876,2
2,287,802.5,655.9,180,3
2,287,777.3,675.4,588,4
2,288,982.2,542.3,1200,1
2,288,755.9,549.4,124,2
2,288,977.1,344.8,136,3
2,289,983.7,557.9,288,1
2,289,959.2,530.6,372,2
2,289,981.4,554,524,3
2,289,1181.3,459.1,324,4
2,290,995.7,527.1,504,1
2,290,985.3,541.7,704,2
2,290,791.9,662,656,3
2,291,980.4,538.4,1200,1
2,291,769,407.6,496,2
2,292,983.9,549.2,1228,1
2,292,1105.9,714.2,256,2
2,293,994.5,544.9,348,1
2,293,951.7,528.8,196,2
2,293,987,562.2,668,3
2,293,989.8,789.3,388,4
2,294,994.3,532,608,1
2,294,985,557,584,2
2,294,879.7,367.9,144,3
2,294,773.3,408,212,4
2,294,830.8,367.4,200,5
2,294,774.3,390.5,352,6
2,295,996.1,536.5,252,1
2,295,995.3,499.6,432,2
2,295,985.9,552.8,496,3
2,295,1237.8,567.4,212,4
2,295,1218.4,667,820,5
2,296,998,538.5,1256,1
2,296,909.6,382.8,156,2
2,296,1013.9,801.6,648,3
2,297,994.8,511.7,300,1
2,297,960.9,527.4,900,2
2,297,1167.6,441.2,660,3
2,299,991.8,539.3,644,1
2,299,1033.5,562.7,324,2
2,299,1117.6,616.2,236,3
2,299,897.2,745.2,164,4
2,299,867.7,769.9,160,5
2,299,784.1,443.3,140,6
2,299,768.3,419.3,480,7
2,299,811.3,409.9,260,8
2,300,983.3,546.7,196,1
2,300,945.5,441.8,296,2
2,300,997.9,575.9,444,3
2,300,1216.3,563,212,4
2,300,772.8,421.5,220,5
2,300,770.9,401.7,220,6
2,301,972.7,530.4,1220,1
2,301,1197.5,436.8,1456,2
2,301,752.8,1768.4,40,3
2,301,577.8,2065.3,276,4
2,301,1148.3,389.2,184,5
2,302,976.5,532.9,280,1
2,302,928.5,496.3,352,2
2,302,971.6,518.4,532,3
2,302,764.2,418.6,236,4
2,302,991.9,729.7,188,5
2,303,983.8,543.7,360,1
2,303,924.5,485.2,288,2
2,303,979.3,541.9,504,3
2,303,1245.4,549,204,4
2,303,797.5,636.8,156,5
2,303,772.1,660.2,812,6
2,304,984.4,530.6,1192,1
2,304,1238.6,550.4,140,2
2,304,967.5,323.4,140,3
2,305,977.8,496.8,692,1
2,305,998.2,510,540,2
2,305,1008.2,362.3,112,3
2,306,1042,559.3,268,1
2,306,1008.6,560.6,188,2
2,306,991.8,530.6,748,3
2,306,809.7,539.9,144,4
2,307,957.3,529.4,1212,1
2,307,1178.9,664.1,276,2
2,307,1180.5,631,288,3
2,308,995.1,473.4,820,1
2,308,1015.9,514.9,372,2
2,308,1202.6,554.8,152,3
2,308,998.7,342.2,128,4
2,309,961.9,532.4,220,1
2,309,942.2,478.7,180,2
2,309,865.3,429.4,228,3
2,309,966.2,526.1,528,4
2,310,973.9,529.6,1208,1
2,310,1081.6,366.4,156,2
2,310,755.5,652.9,328,3
2,311,979.5,513.9,1208,1
2,312,978.8,492.1,260,1
2,312,966.6,431.3,132,2
2,312,977.2,349.1,256,3
2,312,987.5,521.9,476,4
2,313,979.1,550.9,1216,1
2,313,1224.9,566,124,2
2,313,771.7,421.4,176,3
2,313,752,412.1,268,4
2,313,770.6,408.9,452,5
2,314,989.3,551.9,1264,1
2,314,1172.8,430.5,184,2
2,315,964.4,535.9,1176,1
2,315,1064.1,355,132,2
2,315,770.3,674.2,880,3
2,316,1029.8,515.6,300,1
2,316,1001.3,529.7,616,2
2,316,1039.2,495.9,340,3
2,316,1008.9,764.2,772,4
2,317,964,509.7,1256,1
2,318,971.6,528.8,1200,1
2,318,778.2,428.9,300,2
2,318,892.7,423.2,144,3
2,318,774.6,418.5,272,4
2,319,990.7,527.9,308,1
2,319,968.9,512.4,908,2
2,320,971.8,540.3,280,1
2,320,989.2,527.2,952,2
2,320,1187.6,631.7,216,3
2,321,991.1,544,1192,1
2,321,1111.3,726.2,192,2
2,322,1009,537.3,340,1
2,322,1011.2,478.8,476,2
2,322,995.5,521.7,372,3
2,322,1199.5,563.4,232,4
2,322,1224.6,658.4,332,5
2,323,994.7,532.9,1240,1
2,323,806.3,646.6,180,2
2,323,780.9,664.2,484,3
2,324,960.1,507.9,1040,1
2,324,750,540.5,132,2
2,324,976.5,318.6,140,3
2,325,983.6,538.4,268,1
2,325,973,380.9,256,2
2,325,979.2,498.7,416,3
2,325,817.9,650.3,176,4
2,325,786,662.5,128,5
2,325,998.7,331.2,668,6
2,326,983.9,519.6,1292,1
2,326,788.5,422.8,168,2
2,326,764.4,419.4,512,3
2,327,971.3,554.2,1196,1
2,327,761.9,547.6,144,2
2,327,763.9,404.3,672,3
2,328,996.1,527.2,1220,1
2,328,791.8,423.6,212,2
2,328,772.6,412.7,324,3
2,329,983.3,549,480,1
2,329,995.6,511.5,744,2
2,329,1108.5,694.3,140,3
2,329,788.8,669.5,516,4
2,330,984.8,545.4,764,1
2,330,970.6,625.1,512,2
2,331,1007.3,537.7,620,1
2,331,987.1,512.5,612,2
2,331,1089.3,709.4,152,3
2,331,987.7,337,148,4
2,332,1006.6,532,1236,1
2,332,799.3,647.2,188,2
2,332,778.6,659.1,412,3
2,333,1000.2,522.7,1244,1
2,333,954.9,412.2,184,2
2,333,1158.3,607.4,132,3
2,333,1227.1,678.8,468,4
2,334,999.1,547,1232,1
2,334,1135.8,472.2,164,2
2,335,976.8,524.5,1228,1
2,335,784.4,662.9,204,2
2,335,760.1,668.9,524,3
2,336,975.3,526.4,1232,1
2,336,982,777.1,728,2
2,337,990.4,537.3,1212,1
2,338,987.5,531.3,556,1
2,338,1002.8,572.3,636,2
2,339,1007.1,534.8,276,1
2,339,1085.4,446.2,324,2
2,339,1051.2,467,212,3
2,339,1013.7,494.6,272,4
2,339,989.2,515.2,172,5
2,339,1198.8,558.3,176,6
2,339,1014,744.6,188,7
2,340,960.7,531.7,288,1
2,340,1041.6,483.1,296,2
2,340,977.6,521.8,544,3
2,340,1071.7,354.1,172,4
2,341,984.4,528.8,216,1
2,341,972.7,462.2,1000,2
2,341,1184.1,643.3,176,3
2,341,1204.9,662.9,716,4
2,342,982.8,551.2,1088,1
2,342,1070.1,542.2,160,2
2,342,1087.3,707.5,76,3
2,342,785.8,667.3,188,4
2,343,986.5,559.2,1248,1
2,343,788.1,429.2,144,2
2,343,763.6,413.3,644,3
2,344,992.2,538.2,1224,1
2,344,986.6,746.6,236,2
2,344,1016.7,709.9,728,3
2,345,988,534,248,1
2,345,956.5,526.3,420,2
2,345,982.9,568.7,512,3
2,345,749.9,559.5,112,4
2,345,986.5,773.5,572,5
2,346,997.6,545.1,580,1
2,346,1014.6,661,624,2
2,346,1193.5,440.9,156,3
2,346,1218.5,414,644,4
2,347,992.1,522.4,304,1
2,347,1054.4,483,160,2
2,347,1176.9,422.6,752,3
2,347,806.1,448.2,116,4
2,347,764.3,422.4,180,5
2,348,967.6,523.5,1208,1
2,349,991.5,521.2,1208,1
2,349,814.9,518,156,2
2,349,763.9,511.7,88,3
2,349,801.9,420.3,148,4
2,350,972.3,483.1,1192,1
2,350,778.5,677.6,400,2
2,351,970.4,516.4,260,1
2,351,1013.4,465.8,164,2
2,351,974.5,509.7,760,3
2,351,1086,728.7,144,4
2,351,765.1,645.9,736,5
2,352,976.5,538.3,1196,1
2,352,864.9,728.4,116,2
2,353,977.5,554.3,280,1
2,353,1028.8,381.7,324,2
2,353,993.5,428.3,384,3
2,353,1128.5,712,124,4
2,353,784.7,439.5,136,5
2,353,758.4,408.8,236,6
2,353,772,394.6,364,7
2,354,989.6,538.7,292,1
2,354,863.1,451.6,376,2
2,354,832.7,479.2,512,3
2,354,982.2,770.1,536,4
2,355,994.8,544.2,340,1
2,355,950.4,496.2,348,2
2,355,986.8,533.4,488,3
2,355,782.2,672.6,540,4
2,356,995.7,502.1,440,1
2,356,914.9,449.1,352,2
2,356,986.6,491,400,3
2,356,787.6,427.4,156,4
2,356,766.5,415.6,216,5
2,356,800.3,406.7,300,6
2,357,1037.3,532.3,308,1
2,357,983.4,558.6,316,2
2,357,975.1,534.4,560,3
2,357,873,352.6,140,4
2,357,1194.1,641.3,548,5
2,358,997.5,535.1,612,1
2,358,991.5,553.9,616,2
2,358,781.2,419,588,3
2,359,1022.2,483.8,952,1
2,359,1008.9,442.1,324,2
2,359,740.1,509.3,152,3
2,359,1194.9,656.5,160,4
2,360,986.9,543.2,1200,1
2,360,1086.5,350.4,188,2
2,360,764.6,402.5,684,3
2,360,855.5,411.8,188,4
2,361,1001.3,540.7,296,1
2,361,910.1,499.2,344,2
2,361,956.3,555.7,560,3
2,361,819.4,637.3,164,4
2,361,781.6,667,888,5
2,362,998.3,537.9,1256,1
2,362,784.1,420.5,184,2
2,362,755.8,405.9,264,3
2,362,794.6,397.2,212,4
2,363,1021,508.1,1244,1
2,363,893.1,771.5,200,2
2,363,785.2,670.2,304,3
2,363,813.3,661.1,216,4
2,364,1005.1,544.2,1244,1
2,364,1010.8,357.1,124,2
2,365,957.1,530.6,1232,1
2,365,731.1,516.3,208,2
2,366,971.5,530.6,1208,1
2,366,974.6,759.8,516,2
2,367,988.3,544.1,580,1
2,367,1023.6,573.3,192,2
2,367,1007.4,618.3,416,3
2,367,997.5,773.3,372,4
2,368,1006,511.5,1248,1
2,368,816.4,512.7,136,2
2,369,957.8,534.2,1188,1
2,369,845.4,328.3,148,2
2,369,764.9,688.1,112,3
2,369,751,670.6,364,4
2,370,986,555.9,1204,1
2,370,983.4,780.4,528,2
2,371,999.2,541.6,1220,1
2,371,818.5,521.5,136,2
2,372,975.2,528.2,1220,1
2,372,1108.5,338.6,180,2
2,373,957.1,531.9,1172,1
2,373,1072.5,343.9,156,2
2,373,1177,425.9,788,3
2,374,969.6,531.5,1208,1
2,374,852.9,754.8,144,2
2,374,1163.2,663.5,124,3
2,375,982.6,529.9,1176,1
2,375,877.7,727.4,124,2
2,376,989,542.7,1168,1
2,376,1106.7,733.3,152,2
2,376,786.5,430.6,172,3
2,377,984,538.5,1208,1
2,377,994.3,775.9,660,2
2,378,971,534.6,1204,1
2,378,782.3,655.8,600,2
2,379,977.3,531.9,56,1
2,379,981.7,526.5,1148,2
2,379,1242.4,539.2,148,3
2,380,991.6,537.4,1176,1
2,380,1097.8,342.7,180,2
2,381,995.1,541.3,780,1
2,381,1018.2,568.1,64,2
2,381,990.6,593.8,356,3
2,381,814.8,578.3,120,4
2,381,1189.6,654.4,132,5
2,382,1015.1,529.5,788,1
2,382,1083.3,638.7,404,2
2,382,1118.4,751.9,168,3
2,382,789.6,671,876,4
2,383,1003.2,539.2,1256,1
2,383,829.6,620.9,176,2
2,383,787.1,659.9,468,3
2,384,977.8,518.3,964,1
2,384,985.5,579.4,228,2
2,384,867.2,732,144,3
2,384,973.1,338.7,112,4
2,385,990.4,529.7,1252,1
2,385,892.9,383.1,164,2
2,385,991.2,781,492,3
2,386,1015.1,555.9,316,1
2,386,981.4,554.2,848,2
2,386,1091.6,723.2,136,3
2,386,758.9,420.4,816,4
2,387,984.7,545.1,108,1
2,387,964.7,535.1,196,2
2,387,979.7,534.6,900,3
2,387,866.8,723.3,92,4
2,387,1163.8,445.8,148,5
2,388,999.8,540.6,296,1
2,388,970.4,500.1,364,2
2,388,994.2,569.7,480,3
2,388,1086.9,385.5,144,4
2,389,987.9,530.9,772,1
2,389,970.8,584.7,444,2
2,390,986,525.7,604,1
2,390,1004.5,609.7,596,2
2,390,1004.1,329.5,140,3
2,391,991.4,538,308,1
2,391,1006.4,462.9,404,2
2,391,988.8,499.2,384,3
2,391,1020.1,401.3,56,4
2,391,1077.5,348.8,224,5
2,391,791.1,675.3,680,6
2,392,1000,543.5,292,1
2,392,973.2,500.2,888,2
2,392,772.9,521,120,3
2,392,1213.2,429.9,192,4
2,392,1193.6,423.2,128,5
2,393,969.9,522.5,540,1
2,393,1018.8,521.2,668,2
2,393,772.5,673.2,640,3
2,394,972.1,538.6,1216,1
2,395,976.3,535.7,280,1
2,395,1025,542.1,156,2
2,395,997.5,566.8,740,3
2,395,900.6,332.9,132,4
2,396,993,540.6,1232,1
2,396,808.6,643,224,2
2,397,984.8,539.1,288,1
2,397,1013.6,527.6,288,2
2,397,996.2,536.8,664,3
2,397,1176.1,441.3,108,4
2,398,988.6,529.6,224,1
2,398,1012.2,481.4,632,2
2,398,1014,526.3,376,3
2,399,979.4,546.8,1204,1
2,399,779.9,651.1,188,2
2,400,983.8,521.7,1212,1
2,400,896,741.2,108,2
2,401,972.4,501.3,192,1
2,401,997.3,326.5,400,2
2,401,966.4,499.4,528,3
2,401,1217.4,437.3,152,4
2,402,977.3,535.3,1184,1
2,402,981.8,788.3,692,2
2,403,969.7,522.5,560,1
2,403,1075.1,498.8,612,2
2,404,982.4,544.5,1208,1
2,404,1176.2,440.1,164,2
2,405,981.5,517.8,1188,1
2,405,991.6,790,280,2
2,406,983.5,522.6,480,1
2,406,973.4,558.6,212,2
2,406,998.9,669,320,3
2,406,949.5,671.2,196,4
2,406,1239.8,569.5,200,5
2,406,993.4,757.9,228,6
2,407,995,501,548,1
2,407,989.2,546.8,676,2
2,407,1176.8,675.5,168,3
2,408,978.8,531.1,1196,1
2,408,1115.7,755.6,156,2
2,408,1191.4,691.1,220,3
2,409,980.2,527.4,292,1
2,409,967.3,549.1,876,2
2,409,1212.4,556,136,3
2,409,747.3,646.1,232,4
2,410,977.9,550.3,344,1
2,410,926.4,529.7,328,2
2,410,946.1,638.2,528,3
2,411,962.8,538.1,232,1
2,411,1022.1,489.3,220,2
2,411,969.3,529.6,700,3
2,411,1185.3,440,200,4
2,411,857.7,323.4,152,5
2,412,969.6,525.8,292,1
2,412,980.9,447.8,212,2
2,412,959.2,509.9,640,3
2,412,927.2,321,112,4
2,413,977.5,524.8,332,1
2,413,979.5,534.5,876,2
2,414,969.6,522.6,1204,1
2,415,976.4,534.3,276,1
2,415,993.6,469.2,284,2
2,415,973.7,522.4,608,3
2,415,985.2,769.9,692,4
2,416,978.8,532.1,1200,1
2,416,1163.2,471.2,120,2
2,417,982.2,519.8,388,1
2,417,1035.1,510.8,188,2
2,417,1000.2,518.3,636,3
2,417,788.4,642.9,200,4
2,417,770.5,658,428,5
2,418,980.3,533.1,1228,1
2,418,776.3,429.3,204,2
2,418,756.6,411.8,432,3
2,419,978,528.7,276,1
2,419,993,409.8,252,2
2,419,983.2,545.4,400,3
2,419,756.5,403.7,680,4
2,420,987.9,523.5,216,1
2,420,1013.4,450.6,180,2
2,420,1002.1,542,524,3
2,420,770.2,532.3,156,4
2,420,747.8,484.1,84,5
2,420,757.7,404.8,628,6
2,421,989.6,538.7,728,1
2,421,1020.4,577,484,2
2,421,1117.6,725.9,168,3
2,421,805.1,679.9,164,4
2,421,774.6,681.2,272,5
2,421,819.1,658.1,160,6
2,422,971.5,534.9,1248,1
2,423,963.9,533.6,504,1
2,423,972.8,539.3,676,2
2,423,1204.6,651,216,3
2,423,864.2,746.7,272,4
2,423,1195.6,653.5,736,5
2,424,992.6,552.9,1236,1
2,424,822.4,489.8,28,2
2,424,935.8,320.9,128,3
2,425,983.5,542.3,316,1
2,425,1004.1,549,60,2
2,425,992.3,550.7,808,3
2,425,1102.3,341,236,4
2,425,794.3,655.4,184,5
2,425,772.9,665.7,576,6
2,426,991.5,540.4,1212,1
2,426,1180.6,455.3,132,2
2,427,989.8,557.7,1200,1
2,427,1178.4,427.1,228,2
2,428,991.1,491.2,188,1
2,428,1064.3,451.8,192,2
2,428,1043.8,446.7,788,3
2,428,1092.8,379.1,192,4
2,429,1017.6,529.5,1232,1
2,429,798.8,643.4,212,2
2,429,781.3,668.9,428,3
2,430,962.2,524.4,1176,1
2,430,1085.3,327.9,172,2
2,430,759.2,396.2,236,3
2,430,749,413.2,508,4
2,431,970.1,539.2,1224,1
2,431,865.9,731.4,184,2
2,432,970.4,528.8,744,1
2,432,971.2,561.1,504,2
2,432,1179.6,434.1,144,3
2,433,986.1,545.9,1180,1
2,433,1090.7,342.7,172,2
2,434,994.6,528.8,180,1
2,434,957.6,358.1,248,2
2,434,1000.1,444.2,476,3
2,434,1242.3,556.4,212,4
2,434,1206.9,660,340,5
2,435,982.5,525.6,692,1
2,435,996.2,554.4,508,2
2,436,986.4,538,1204,1
2,437,1010.7,498.2,1244,1
2,437,799.3,486,128,2
2,437,1209.6,416.5,308,3
2,438,968.4,515.1,1196,1
2,438,1072.6,721.5,152,2
2,438,973.2,768.2,628,3
2,439,986.1,544,1208,1
2,439,930.8,739.1,128,2
2,440,983.5,552.6,1188,1
2,441,985.3,547.7,1200,1
2,442,989.9,533.9,1216,1
2,443,995.4,528,828,1
2,443,1003.8,560.2,392,2
2,443,818.9,652.5,184,3
2,444,1009.2,544,744,1
2,444,1088.2,700.3,236,2
2,444,1077.2,676.1,256,3
2,444,829.7,449.8,124,4
2,444,768.2,401,696,5
2,445,984.1,527.9,1228,1
2,445,796.3,530.8,100,2
2,446,984.5,537.1,1244,1
2,447,987.4,536.6,1200,1
2,447,1118,721.4,156,2
2,448,977.3,507.1,348,1
2,448,960.4,487.3,192,2
2,448,985.5,405.3,784,3
2,448,768,583.4,268,4
2,448,755.7,616.7,344,5
2,449,978.1,515,1216,1
2,450,982.7,526,1216,1
2,451,973.5,512.4,496,1
2,451,1030.7,469,232,2
2,451,984.5,512.3,460,3
2,451,856.4,314.8,152,4
2,451,773,671.3,472,5
2,451,774.7,646.1,260,6
2,452,976.2,540.1,1192,1
2,453,988.6,533.8,340,1
2,453,961.2,533.8,184,2
2,453,987.9,547,656,3
2,454,982.8,515.7,316,1
2,454,937.2,354.7,256,2
2,454,1001.9,466.4,360,3
2,454,870.4,325.3,144,4
2,454,761,401.8,244,5
2,454,814.5,371.5,144,6
2,455,994.8,528,168,1
2,455,985.8,383.9,240,2
2,455,1005.8,447.1,196,3
2,455,985.8,495.9,344,4
2,455,1125.2,756.3,168,5
2,455,1006.3,303.5,132,6
2,456,995.4,543.1,300,1
2,456,994.7,530.9,712,2
2,456,889.6,754.9,148,3
2,457,978.9,520.1,1220,1
2,458,984.1,511.4,512,1
2,458,998.9,448.2,548,2
2,458,991.6,495,152,3
2,459,984.4,529.4,644,1
2,459,984.9,580,552,2
2,459,1188.2,481.2,120,3
2,460,981.6,515.8,416,1
2,460,986.4,555.3,604,2
2,460,1107.6,367,136,3
2,461,992,548.1,1180,1
2,461,1090.2,348.1,140,2
2,461,785.6,383.5,176,3
2,461,761.6,401,476,4
2,462,1007.5,521.8,272,1
2,462,985.6,509.2,992,2
2,462,902.2,747.3,132,3
2,462,983.4,370.2,80,4
2,463,971.9,528.3,1216,1
2,464,986.2,539.7,1228,1
2,464,763.4,414.9,536,2
2,464,781.3,404.1,296,3
2,465,994.4,539.8,1060,1
2,465,840.6,444,116,2
2,465,1227,556.4,208,3
2,466,994,540,276,1
2,466,983.9,476.2,208,2
2,466,1004,529.4,456,3
2,466,871.7,704.8,160,4
2,466,973.2,300.9,180,5
2,467,994.1,529.3,1224,1
2,468,976.9,545.8,1216,1
2,469,993.3,543.3,1248,1
2,471,970.7,529.2,384,1
2,471,999.5,542.9,148,2
2,471,979.4,544.4,664,3
2,471,1145.4,596.2,152,4
2,472,989.5,547.1,1272,1
2,472,823.8,622.6,196,2
2,473,1009.5,546.4,1648,1
2,473,1041.7,564.4,236,2
2,473,777,402.7,348,3
2,474,980,532.2,1276,1
2,474,1095.4,666.6,156,2
2,475,1033.4,525.8,1724,1
2,475,1187.3,429.3,148,2
2,476,994.2,534.3,1256,1
2,477,974.6,529.9,416,1
2,477,940.1,541.9,152,2
2,477,989.2,555.3,616,3
2,477,1227.1,570.6,268,4
2,477,1002,742.8,172,5
2,477,1001.9,773.4,636,6
2,478,1009.4,521.9,1296,1
2,479,1012.8,541.7,1252,1
2,479,1162.1,442.7,156,2
2,480,982.2,510.6,204,1
2,480,1066.7,477.8,180,2
2,480,983.8,509.3,824,3
2,480,1185.4,622.1,192,4
2,481,1008.3,539.1,1232,1
2,482,1007.1,542.6,308,1
2,482,1102.6,348.8,568,2
2,482,888.5,441.8,152,3
2,482,888.6,750.6,228,4
2,482,772.5,358.6,284,5
2,483,1016.5,533.6,144,1
2,483,1061.6,356.8,368,2
2,483,1189.7,616.6,156,3
2,484,982.7,544.9,1220,1
2,485,1010.2,525.7,1208,1
2,485,791.2,547.9,208,2
2,485,803.2,661,372,3
2,486,1001.6,541.6,1248,1
2,486,887.5,590.6,172,2
2,486,815.7,594.6,232,3
2,487,984.6,541.3,1228,1
2,487,764.4,544.5,160,2
2,488,1001.9,539.8,1240,1
2,488,1088.7,335.9,384,2
2,489,987.1,520.4,1240,1
2,489,1104.2,704.7,136,2
2,489,994.2,765.6,460,3
2,489,1017.2,740.6,600,4
2,490,985,517.5,1256,1
2,490,908.4,699.5,144,2
2,490,992.8,776.9,248,3
2,490,895,751.9,148,4
2,490,872.4,747.7,212,5
2,491,991.7,515.6,392,1
2,491,1004,463.4,192,2
2,491,964.7,509.9,436,3
2,491,974.3,770.8,616,4
2,492,992,533.9,1232,1
2,492,1206.3,667,196,2
2,493,1003.4,521.7,776,1
2,493,1029.7,538.9,476,2
2,494,1006.6,549.3,1464,1
2,494,1185.1,635.3,192,2
2,495,986.5,511.7,616,1
2,495,997.5,507,188,2
2,495,980.9,523.4,384,3
2,495,1087.7,372.1,136,4
2,495,1183.7,424,308,5
2,496,978.3,520,360,1
2,496,1037.3,518.4,164,2
2,496,990.8,535.2,660,3
2,496,993.1,751,460,4
2,497,1014.6,508.8,524,1
2,497,1011.5,539.9,244,2
2,497,1047.8,629.4,460,3
2,497,822.1,460.2,124,4
2,498,1002.7,501,308,1
2,498,956,443.8,676,2
2,498,841.1,592.8,292,3
2,499,991.4,523.6,636,1
2,499,1009.2,588.6,596,2
2,500,985.2,501.1,480,1
2,500,1007.4,533.5,376,2
2,500,992.9,558,316,3
2,500,1099.8,398.9,140,4
2,501,980.4,496.2,604,1
2,501,978,510.1,596,2
2,502,978.4,526.3,1224,1
2,503,990,542.3,1188,1
2,503,1222.1,554.6,220,2
2,504,1003.6,532.4,1228,1
2,505,991.5,544.2,1196,1
2,505,1219.5,557.7,132,2
2,505,1007.6,746.1,272,3
2,505,988.2,770.1,300,4
2,506,1014.1,525.5,268,1
2,506,991.8,512,944,2
2,506,997.6,765.4,488,3
2,507,966.1,517.8,1204,1
2,507,876.4,326.5,132,2
2,508,990,511.6,596,1
2,508,1004.1,535.5,624,2
2,508,963.1,712.3,156,3
2,508,989.2,761.6,172,4
2,509,995.7,520.4,96,1
2,509,988.5,471.3,196,2
2,509,994.9,547.6,1008,3
2,510,986,535.3,1192,1
2,510,1099.3,367.7,108,2
2,510,782.6,635.2,204,3
2,511,994.3,528.7,196,1
2,511,1002.9,489.1,308,2
2,511,986.2,525.6,520,3
2,511,787.2,414.3,176,4
2,511,766.7,408,220,5
2,512,996.2,537.3,1216,1
2,513,1004.7,516.6,1268,1
2,513,1004.5,771.1,1016,2
2,513,1019.8,746.8,156,3
2,513,990.6,771.1,616,4
2,514,987.3,502.1,708,1
2,514,977,540.1,460,2
2,514,758.5,534,128,3
2,514,975,324.8,148,4
2,515,1017.4,524.9,252,1
2,515,993.4,485.6,336,2
2,515,1020,525.6,232,3
2,515,1006.5,587.6,352,4
2,515,760.8,546.1,164,5
2,515,787.4,686.6,236,6
2,516,998.5,531.3,1232,1
2,516,1175.8,447.1,140,2
2,517,982.6,511.1,440,1
2,517,990.9,520.4,884,2
2,517,1152.1,427.3,132,3
2,518,994.4,492.4,660,1
2,518,974.1,577.2,552,2
2,519,1006.2,537.4,1220,1
2,520,1055.3,495.7,148,1
2,520,1055,331.4,432,2
2,520,984.1,531.1,372,3
2,520,731.3,533.7,140,4
2,521,973.7,518.4,1204,1
2,521,1106.6,716.2,172,2
2,522,987.2,515.4,1224,1
2,523,992.7,450.8,676,1
2,523,997.2,475.2,600,2
2,524,988.6,525.7,1216,1
2,524,1173.8,446.1,164,2
2,525,986.8,522.2,352,1
2,525,1000.8,530.8,820,2
2,525,1087.4,360.7,152,3
2,525,803.1,672.1,456,4
2,526,966.7,530.7,652,1
2,526,984.2,538.3,568,2
2,526,975.9,791.8,544,3
2,527,994.3,545.2,256,1
2,527,973.7,527.9,260,2
2,527,993,553,688,3
2,527,791.2,416.4,152,4
2,527,764.5,411.2,264,5
2,528,1001.6,533.3,1240,1
2,529,984.8,549.1,1236,1
2,529,769.3,407.6,572,2
2,530,987.4,543,1236,1
2,530,910.4,683.8,172,2
2,530,787.4,672,552,3
2,531,979.7,524.2,1172,1
2,531,1076.4,355.9,140,2
2,532,980.9,536.6,1228,1
2,533,1004,550.3,68,1
2,533,1003.9,486.8,440,2
2,533,1004.1,552.6,464,3
2,533,1100.6,721.5,160,4
2,533,991.3,327.4,148,5
2,534,972.2,532,1228,1
2,534,787.6,640.1,216,2
2,534,769,650.8,432,3
2,535,993.6,519.8,316,1
2,535,995.2,508.8,708,2
2,535,998.6,773.3,288,3
2,536,997.9,510.2,804,1
2,536,1024,567.8,428,2
2,536,1009.7,330.2,152,3
2,537,997,552.9,276,1
2,537,998.5,536.5,936,2
2,537,1000,775.5,300,3
2,538,997.5,532.7,1208,1
2,538,873.5,724.6,236,2
2,538,764,405.6,640,3
2,539,973.8,513.9,1216,1
2,539,872.6,353.3,152,2
2,539,840.2,354,128,3
2,539,768,423.6,1216,4
2,540,998,534.4,1244,1
2,540,1177.2,462.8,140,2
2,540,1195.9,437.2,180,3
2,541,1011,547.2,1348,1
2,542,1004.6,543.5,1308,1
2,542,1044.3,566,292,2
2,542,918.6,580.5,124,3
2,542,797.6,660.6,452,4
2,542,880.3,720.5,216,5
2,542,788.1,665.8,808,6
2,543,988.7,552.1,1240,1
2,544,998.5,538.2,276,1
2,544,983.6,517.5,912,2
2,544,1098.3,308.6,252,3
2,544,764.4,402.2,884,4
2,545,975.7,531.4,304,1
2,545,997.6,517,924,2
2,545,1099.9,682.7,168,3
2,545,1008.7,774.8,464,4
2,546,993.9,544,1240,1
2,547,1025.6,547.4,1244,1
2,547,1183.4,426.5,148,2
2,548,990.2,519.1,1232,1
2,548,1220.1,547.2,120,2
2,549,991.8,527.2,1228,1
2,549,1210.9,546.3,124,2
2,550,980.7,527.2,276,1
2,550,989.6,500.3,156,2
2,550,982.5,540.3,540,3
2,550,1241.6,549.8,152,4
2,550,981,781,236,5
2,550,1008.6,771.1,364,6
2,551,979.7,527.8,1224,1
2,551,972,262.7,196,2
2,552,966.1,515.3,1196,1
2,553,965.4,534.6,1188,1
2,553,1079.3,321.6,188,2
2,554,967.4,519.5,1228,1
2,554,762.7,658.9,776,2
2,555,1014.5,516.5,116,1
2,555,1115.8,437.8,148,2
2,555,1017.3,379,328,3
2,555,1001.4,454.1,480,4
2,555,1260.8,580.7,188,5
2,555,998.2,791.8,320,6
2,555,1227.7,548.4,144,7
2,556,996.2,538.4,1184,1
2,556,1113.6,325.7,176,2
2,556,998.7,297.6,460,3
2,557,993.1,529.3,296,1
2,557,1015.1,470,168,2
2,557,991.9,401.5,276,3
2,557,998.3,528.5,424,4
2,557,997.2,746.8,200,5
2,557,1002.9,779.6,116,6
2,558,988.7,538.7,1208,1
2,559,994.2,526,376,1
2,559,995.8,490.7,340,2
2,559,986.4,526.5,464,3
2,559,863.9,339.8,136,4
2,559,989,745.1,184,5
2,560,992.7,541.1,1188,1
2,560,1260.6,546.7,144,2
2,561,986.9,540.6,300,1
2,561,1003.7,529.9,912,2
2,562,989.4,553,308,1
2,562,1022.9,535.1,188,2
2,562,994.4,546.7,688,3
2,563,992.9,530.4,1216,1
2,563,763.7,559.4,156,2
2,563,785.2,670.8,216,3
2,564,995,541.6,308,1
2,564,1005.4,530.2,912,2
2,565,999.6,524,600,1
2,565,996.9,552.9,596,2
2,566,990,548.5,1212,1
2,567,998.5,546.4,1196,1
2,567,946.1,332.8,116,2
2,568,989.3,529.5,504,1
2,568,1005.8,518.2,680,2
2,568,1109.1,337.1,156,3
2,568,798.8,394.6,180,4
2,568,766.4,404.2,1328,5
2,569,991,533.7,304,1
2,569,1018.1,491.3,264,2
2,569,990.5,525.2,260,3
2,569,990.2,550.5,356,4
2,570,989.4,530.5,336,1
2,570,958.8,516.8,188,2
2,570,988.7,530.8,632,3
2,570,1111.6,339.9,200,4
2,570,1021.6,753.5,172,5
2,570,996.4,780.5,156,6
2,571,999.2,514.2,620,1
2,571,998.5,558.2,620,2
2,571,1002.8,758.7,192,3
2,571,999.9,777.8,100,4
2,572,994.3,553.7,1196,1
2,572,989.6,769.5,220,2
2,573,987,529.2,328,1
2,573,1007.3,566,884,2
2,573,890.8,348.7,156,3
2,573,785.7,674.4,1000,4
2,574,990,525.6,460,1
2,574,942.6,574.8,736,2
2,575,976.1,518.8,1236,1
2,576,985,537.8,1200,1
2,576,867.1,331.3,184,2
2,576,761.7,409.7,1000,3
