observer,trial,targLoc,distLoc,targDiscrim,thoughtNoAttCap,tc,dc,RT,TrialTypeRT,distracter,distLocRel
1,1,1,0,1,TRUE,1,0,1.700179,3.082489,0,0
1,2,3,5,1,FALSE,-1,-1,2.356983,1.433077,1,2
1,3,3,0,1,TRUE,-1,0,1.571259,1.789177,0,0
1,4,1,6,1,FALSE,1,-1,4.080437,1.366133,1,0
1,5,6,0,1,TRUE,-1,0,1.974559,8.699373,0,0
1,6,5,2,1,FALSE,1,-1,1.545264,1.802608,1,4
1,7,1,4,1,FALSE,1,-1,2.042865,0.913209,1,3
1,8,4,0,1,TRUE,-1,0,1.647972,2.371322,0,0
1,9,1,0,1,TRUE,1,0,1.40811,1.217561,0,0
1,10,5,6,1,TRUE,-1,-1,2.164152,0.912839,1,2
1,11,3,5,1,TRUE,-1,-1,3.097477,2.532876,1,2
1,12,5,0,1,TRUE,1,0,1.823809,1.175855,0,0
1,13,1,0,1,TRUE,-1,0,1.140938,1.312465,0,0
1,14,2,3,1,FALSE,-1,-1,2.131267,1.052008,1,2
1,15,3,5,1,FALSE,-1,1,3.2516,1.157723,1,2
1,16,4,0,1,TRUE,1,0,1.773115,4.232163,0,0
1,17,6,0,1,TRUE,-1,0,2.173032,1.131339,0,0
1,18,2,4,1,FALSE,1,-1,3.002697,2.25417,1,3
1,19,6,0,1,TRUE,-1,0,2.754349,0.526471,0,0
1,20,5,0,1,TRUE,1,0,3.239764,1.772008,0,0
1,21,5,0,1,TRUE,-1,0,1.181768,0.849203,0,0
1,22,1,0,1,TRUE,-1,0,0.985633,0.971566,0,0
1,23,4,6,1,FALSE,1,1,2.60692,1.947491,1,3
1,24,5,3,1,FALSE,-1,-1,2.44874,0.595446,1,5
1,25,5,0,1,TRUE,-1,0,1.794996,0.92857,0,0
1,26,1,6,1,FALSE,-1,1,4.50878,1.973263,1,0
1,27,4,5,1,FALSE,1,-1,4.336478,1.29371,1,2
1,28,2,0,1,FALSE,1,0,3.171667,0.694835,0,0
1,29,3,4,1,TRUE,-1,1,1.396225,1.224898,1,3
1,30,6,1,1,FALSE,-1,1,1.871261,0.373151,1,2
1,31,5,0,1,TRUE,-1,0,1.454713,1.108333,0,0
1,32,2,0,1,TRUE,-1,0,2.713721,1.090898,0,0
1,33,4,2,1,FALSE,1,-1,1.768572,0.70568,1,5
1,34,4,1,1,FALSE,-1,1,2.13322,0.807861,1,4
1,35,2,4,1,FALSE,-1,-1,3.463994,0.746269,1,3
1,36,6,0,0,FALSE,1,0,1.135655,0.9272,0,0
1,37,1,0,1,TRUE,1,0,1.71696,1.411897,0,0
1,38,3,0,1,TRUE,1,0,1.484779,0.387288,0,0
1,39,1,0,1,TRUE,1,0,0.074273,1.01583,0,0
1,40,6,0,1,TRUE,1,0,1.121479,0.649362,0,0
1,41,5,2,1,TRUE,1,1,2.168934,0.851876,1,4
1,42,3,1,1,FALSE,-1,-1,1.468721,0.793499,1,5
1,43,3,0,0,TRUE,-1,0,1.255252,2.561242,0,0
1,44,1,3,1,FALSE,-1,-1,1.804238,0.613134,1,3
1,45,6,5,1,FALSE,-1,1,1.541198,0.513351,1,2
1,46,2,6,1,FALSE,-1,-1,1.294147,0.410205,1,5
1,47,4,6,1,FALSE,1,-1,0.001099,0.506653,1,3
1,48,4,1,1,FALSE,-1,1,1.067082,1.252409,1,4
1,49,3,5,1,FALSE,1,-1,2.114725,0.379808,1,2
1,50,4,0,0,TRUE,1,0,1.77767,4.280408,0,0
1,51,6,0,1,TRUE,-1,0,1.008959,1.315606,0,0
1,52,1,2,1,FALSE,1,1,1.472181,0.377351,1,2
1,53,2,5,1,FALSE,1,-1,1.37319,1.102368,1,2
1,54,1,1,1,FALSE,1,-1,1.564452,2.604607,1,1
1,55,6,0,1,TRUE,-1,0,0.888825,1.199154,0,0
1,56,1,4,1,FALSE,1,1,1.586948,1.516716,1,3
1,57,5,0,1,TRUE,-1,0,1.040712,0.820505,0,0
1,58,3,0,1,TRUE,1,0,2.592786,1.239148,0,0
1,59,6,3,1,TRUE,1,-1,2.473709,0.6142,1,4
1,60,1,0,1,TRUE,1,0,1.243409,0.592243,0,0
1,61,2,5,1,TRUE,-1,-1,1.533737,1.377944,1,2
1,62,3,1,1,FALSE,1,1,2.601513,1.277044,1,5
1,63,5,3,1,TRUE,1,1,1.893599,1.860233,1,5
1,64,3,6,1,FALSE,1,1,2.817174,1.617471,1,4
1,65,6,0,1,TRUE,1,0,1.256081,0.826919,0,0
1,66,4,3,1,TRUE,1,1,1.642013,6.403391,1,0
1,67,1,0,1,TRUE,1,0,1.014827,0.612048,0,0
1,68,5,0,1,TRUE,-1,0,1.56244,1.089605,0,0
1,69,3,0,1,TRUE,1,0,1.287028,0.500259,0,0
1,70,6,0,1,TRUE,-1,0,0.929112,1.318338,0,0
1,71,2,1,1,FALSE,-1,1,2.0935,2.257885,1,0
1,72,3,0,1,TRUE,1,0,1.439078,2.299868,0,0
1,73,6,6,1,FALSE,-1,1,1.188003,1.268509,1,1
1,74,5,3,1,TRUE,-1,1,1.463483,0.736813,1,5
1,75,4,6,1,FALSE,-1,1,1.562511,1.878022,1,3
1,76,5,0,1,TRUE,-1,0,0.885215,2.033819,0,0
1,77,1,2,1,FALSE,1,-1,1.543558,1.821114,1,2
1,78,6,4,1,FALSE,1,-1,1.742449,0.602684,1,3
1,79,5,0,1,TRUE,1,0,1.056105,1.530076,0,0
1,80,5,2,1,TRUE,-1,-1,1.5086,0.549931,1,4
1,81,1,1,1,FALSE,-1,-1,3.166783,1.274947,1,1
1,82,6,5,1,FALSE,1,-1,1.149439,1.019649,1,2
1,83,1,4,1,TRUE,-1,1,1.266262,1.139435,1,3
1,84,6,4,1,TRUE,-1,1,1.655851,0.938986,1,3
1,85,4,0,1,TRUE,-1,0,1.053304,1.887587,0,0
1,86,6,6,1,TRUE,1,1,2.11911,0.807617,1,1
1,87,4,0,1,TRUE,-1,0,1.685447,0.49282,0,0
1,88,1,0,1,TRUE,-1,0,0.872903,1.123994,0,0
1,89,2,1,1,FALSE,1,1,1.990422,3.632039,1,0
1,90,1,0,1,TRUE,-1,0,0.921562,0.637238,0,0
1,91,6,0,1,TRUE,-1,0,0.956905,1.290335,0,0
1,92,4,1,1,TRUE,1,1,1.917619,1.86665,1,4
1,93,2,0,1,TRUE,1,0,1.299038,1.218231,0,0
1,94,5,4,1,FALSE,1,1,0.220354,0.558519,1,3
1,95,1,0,1,TRUE,1,0,1.876428,0.993366,0,0
1,96,3,1,1,FALSE,1,-1,3.160378,0.386918,1,5
1,97,4,0,1,TRUE,1,0,1.469134,0.765481,0,0
1,98,2,3,1,TRUE,1,-1,2.272003,0.846432,1,2
1,99,2,0,1,TRUE,1,0,1.521217,4.586139,0,0
1,100,2,0,1,TRUE,-1,0,0.835644,1.787476,0,0
1,101,2,0,1,TRUE,1,0,0.932138,1.15738,0,0
1,102,1,0,1,TRUE,-1,0,0.975949,0.001005,0,0
1,103,3,0,1,TRUE,-1,0,0.903967,0.63406,0,0
1,104,3,0,1,TRUE,1,0,1.512818,0.820777,0,0
1,105,4,0,1,TRUE,-1,0,0.874649,0.622267,0,0
1,106,3,0,1,TRUE,1,0,2.1867,0.650116,0,0
1,107,6,3,1,FALSE,1,-1,2.190536,0.766646,1,4
1,108,2,0,1,TRUE,-1,0,0.902796,1.29874,0,0
1,109,6,6,1,TRUE,1,-1,2.990209,0.930799,1,1
1,110,1,0,1,TRUE,-1,0,1.108421,1.086719,0,0
1,111,1,6,1,FALSE,1,1,1.837531,2.208126,1,0
1,112,3,0,1,TRUE,-1,0,1.001738,0.677673,0,0
1,113,1,0,1,TRUE,-1,0,0.900353,1.807848,0,0
1,114,1,1,1,FALSE,1,1,1.733295,0.523302,1,1
1,115,2,1,1,FALSE,1,-1,1.711376,0.879864,1,0
1,116,2,2,1,TRUE,-1,1,2.159898,1.475739,1,1
1,117,3,0,1,TRUE,1,0,1.352472,0.826178,0,0
1,118,4,1,1,TRUE,1,-1,3.74039,0.939574,1,4
1,119,2,0,1,TRUE,1,0,0.931138,0.533976,0,0
1,120,2,2,1,FALSE,1,1,4.221103,1.06242,1,1
1,121,6,0,1,TRUE,-1,0,1.654107,2.089967,0,0
1,122,1,4,1,FALSE,1,-1,2.410352,3.92105,1,3
1,123,2,6,1,TRUE,-1,1,1.034487,0.508757,1,5
1,124,2,0,1,TRUE,1,0,4.193757,0.707364,0,0
1,125,3,0,0,TRUE,1,0,1.171231,3.655622,0,0
1,126,4,0,1,TRUE,1,0,1.584816,1.021565,0,0
1,127,5,0,1,TRUE,1,0,0.959345,2.424744,0,0
1,128,3,1,1,TRUE,-1,1,4.319169,2.488124,1,5
1,129,4,4,1,TRUE,-1,-1,2.456772,0.001006,1,3
1,130,4,5,1,TRUE,-1,1,1.263903,0.357948,1,2
1,131,4,3,1,TRUE,1,1,1.170409,0.517687,1,0
1,132,2,2,1,FALSE,1,1,1.567817,0.371904,1,1
1,133,1,0,1,TRUE,1,0,1.321628,0.566087,0,0
1,134,6,4,1,TRUE,1,-1,4.262368,2.737664,1,3
1,135,6,2,1,FALSE,1,-1,1.559152,0.285465,1,3
1,136,1,4,1,TRUE,-1,-1,1.567358,2.009846,1,3
1,137,6,0,1,TRUE,-1,0,1.101248,0.705625,0,0
1,138,3,5,1,TRUE,1,1,1.349054,0.912622,1,2
1,139,5,0,1,TRUE,1,0,2.80433,0.715586,0,0
1,140,2,6,1,FALSE,-1,1,1.169052,0.778262,1,5
1,141,2,0,1,TRUE,1,0,1.355662,1.009467,0,0
1,142,1,0,1,TRUE,-1,0,1.122718,0.702836,0,0
1,143,5,0,1,TRUE,-1,0,1.015989,0.73909,0,0
1,144,6,0,0,TRUE,1,0,0.890673,1.424869,0,0
1,145,3,0,1,TRUE,-1,0,0.916762,0.555529,0,0
1,146,3,1,1,FALSE,1,1,0.899365,0.918203,1,5
1,147,3,0,1,FALSE,1,0,0.933061,0.437112,0,0
1,148,1,5,1,FALSE,1,-1,3.510181,0.667461,1,2
1,149,6,3,1,FALSE,-1,-1,1.205796,0.53507,1,4
1,150,6,0,1,TRUE,1,0,0.853189,2.886489,0,0
1,151,3,0,1,TRUE,1,0,1.310692,0.857619,0,0
1,152,6,0,1,TRUE,1,0,1.615048,3.173498,0,0
1,153,4,0,1,TRUE,1,0,0.940747,1.091854,0,0
1,154,3,0,1,TRUE,-1,0,1.195884,2.359953,0,0
1,155,4,5,1,FALSE,1,-1,1.351741,0.685926,1,2
1,156,3,2,1,FALSE,1,-1,0.471943,0.332594,1,0
1,157,3,4,1,FALSE,1,-1,0.377033,0.789989,1,3
1,158,5,0,1,TRUE,1,0,0.948884,0.986741,0,0
1,159,3,6,1,FALSE,1,-1,1.970931,2.044085,1,4
1,160,4,6,1,TRUE,-1,1,1.624618,0.453658,1,3
1,161,2,0,1,TRUE,-1,0,2.349526,0.428944,0,0
1,162,6,2,1,FALSE,-1,-1,1.263413,1.316456,1,3
1,163,5,4,1,TRUE,-1,1,1.052969,0.901111,1,3
1,164,4,1,0,FALSE,1,1,0.897593,0.964983,1,4
1,165,4,1,1,FALSE,-1,-1,1.155753,0.931656,1,4
1,166,2,0,1,TRUE,-1,0,1.218632,0.318962,0,0
1,167,5,0,1,TRUE,1,0,1.37505,0.651507,0,0
1,168,5,1,1,TRUE,1,-1,1.503259,0.583064,1,3
1,169,4,6,1,TRUE,1,1,1.190806,1.190242,1,3
1,170,3,3,1,FALSE,-1,1,1.224401,0.662876,1,1
1,171,1,0,1,TRUE,-1,0,0.933858,1.702863,0,0
1,172,1,0,1,TRUE,1,0,1.418515,2.616426,0,0
1,173,3,4,1,TRUE,1,-1,1.145469,0.453195,1,3
1,174,5,4,1,TRUE,1,-1,1.359042,1.987182,1,3
1,175,2,4,1,TRUE,1,1,1.607097,2.038566,1,3
1,176,5,0,1,TRUE,-1,0,0.947995,3.317683,0,0
1,177,2,5,1,TRUE,1,1,1.880325,0.898889,1,2
1,178,6,5,1,TRUE,1,-1,0.556056,0.555335,1,2
1,179,4,0,1,TRUE,1,0,1.116727,1.62329,0,0
1,180,3,0,1,TRUE,-1,0,1.168519,1.461442,0,0
1,181,3,6,1,FALSE,1,1,0.313832,0.863796,1,4
1,182,3,0,1,TRUE,1,0,0.001064,1.843253,0,0
1,183,5,2,1,TRUE,-1,-1,1.808536,0.001272,1,4
1,184,4,2,1,FALSE,-1,-1,1.472346,1.504241,1,5
1,185,5,0,1,TRUE,-1,0,0.001058,1.207337,0,0
1,186,5,0,1,TRUE,1,0,1.732941,3.091607,0,0
1,187,5,0,0,FALSE,1,0,1.161514,1.40986,0,0
1,188,3,0,1,TRUE,-1,0,0.186736,1.026899,0,0
1,189,1,0,1,TRUE,-1,0,1.798772,0.406204,0,0
1,190,4,5,1,FALSE,-1,-1,1.077116,0.936724,1,2
1,191,5,2,1,TRUE,-1,1,1.005744,4.748723,1,4
1,192,1,1,1,TRUE,1,1,1.622717,1.08377,1,1
1,193,6,0,1,TRUE,-1,0,0.857288,0.703285,0,0
1,194,1,3,1,TRUE,-1,-1,1.159096,2.877905,1,3
1,195,2,1,1,FALSE,1,1,1.147098,0.411202,1,0
1,196,6,2,1,FALSE,1,1,1.24414,2.549101,1,3
1,197,1,2,1,TRUE,1,1,1.034642,1.293013,1,2
1,198,1,0,1,TRUE,-1,0,1.055032,1.349009,0,0
1,199,1,6,1,TRUE,-1,1,1.253407,4.621238,1,0
1,200,1,2,1,TRUE,-1,-1,1.282893,0.342951,1,2
1,201,3,6,1,FALSE,-1,-1,1.013697,0.488226,1,4
1,202,1,5,1,FALSE,-1,1,1.091582,0.502137,1,2
1,203,3,2,1,FALSE,-1,1,1.059842,0.543216,1,0
1,204,2,0,1,TRUE,-1,0,1.040549,2.230484,0,0
1,205,4,0,0,TRUE,1,0,2.002865,1.289895,0,0
1,206,3,6,1,TRUE,1,-1,1.140537,0.679171,1,4
1,207,6,0,1,TRUE,1,0,0.970885,0.406103,0,0
1,208,3,0,1,TRUE,-1,0,1.084327,1.183573,0,0
1,209,4,0,1,TRUE,-1,0,1.161254,3.298794,0,0
1,210,1,3,1,TRUE,1,1,1.136661,2.308511,1,3
1,211,3,0,1,TRUE,1,0,1.690224,0.709373,0,0
1,212,4,0,1,TRUE,-1,0,1.411293,0.166779,0,0
1,213,5,0,1,FALSE,-1,0,1.027716,0.748839,0,0
1,214,6,0,1,TRUE,-1,0,1.141285,3.434997,0,0
1,215,6,0,1,TRUE,1,0,1.357038,0.486604,0,0
1,216,6,3,1,TRUE,-1,1,0.306081,1.96635,1,4
1,217,6,1,1,TRUE,1,-1,1.539768,0.699527,1,2
1,218,1,3,1,TRUE,1,1,2.497738,0.924506,1,3
1,219,1,0,1,TRUE,-1,0,0.749725,0.458342,0,0
1,220,3,0,1,TRUE,1,0,0.915291,0.686699,0,0
1,221,5,1,1,TRUE,-1,-1,1.063233,0.359728,1,3
1,222,1,0,1,TRUE,1,0,1.212622,0.438697,0,0
1,223,2,5,1,TRUE,-1,1,1.311701,1.535272,1,2
1,224,5,0,1,TRUE,-1,0,0.72149,0.563741,0,0
1,225,1,0,1,TRUE,-1,0,1.398805,1.583277,0,0
1,226,6,0,1,TRUE,1,0,1.18509,2.388077,0,0
1,227,6,0,1,TRUE,1,0,1.502073,0.391251,0,0
1,228,3,3,1,FALSE,1,1,0.08738,0.327884,1,1
1,229,1,0,1,TRUE,1,0,3.413585,0.551868,0,0
1,230,2,0,1,TRUE,1,0,0.923331,3.051434,0,0
1,231,1,5,1,TRUE,1,1,1.686793,1.797743,1,2
1,232,3,2,1,FALSE,-1,-1,1.591491,0.692371,1,0
1,233,3,2,1,TRUE,1,1,1.719109,0.700214,1,0
1,234,6,0,1,TRUE,1,0,0.906244,0.622478,0,0
1,235,6,0,1,TRUE,-1,0,0.020937,0.919442,0,0
1,236,2,0,1,TRUE,-1,0,1.124114,2.428426,0,0
1,237,5,0,1,TRUE,-1,0,1.767525,0.762547,0,0
1,238,5,4,1,TRUE,-1,1,0.740468,0.398841,1,3
1,239,5,4,1,TRUE,-1,-1,0.941986,1.258063,1,3
1,240,4,0,0,TRUE,1,0,0.512252,1.442427,0,0
1,241,2,5,1,TRUE,-1,-1,0.247061,1.411683,1,2
1,242,2,3,1,TRUE,-1,1,0.955982,0.403671,1,2
1,243,6,4,1,TRUE,1,1,0.00112,0.547839,1,3
1,244,4,4,1,TRUE,1,1,1.124398,0.470556,1,3
1,245,6,0,1,TRUE,-1,0,0.001103,0.351897,0,0
1,246,2,3,1,TRUE,-1,1,2.16574,0.386166,1,2
1,247,6,6,1,TRUE,-1,1,1.146918,2.161588,1,1
1,248,5,0,1,TRUE,-1,0,0.889598,1.197509,0,0
1,249,3,0,1,TRUE,-1,0,0.939289,0.602892,0,0
1,250,6,5,1,TRUE,-1,1,0.926105,0.634056,1,2
1,251,5,0,1,TRUE,1,0,2.394698,3.013399,0,0
1,252,3,0,1,TRUE,-1,0,1.046823,0.768736,0,0
1,253,4,0,1,TRUE,-1,0,1.203903,3.601417,0,0
1,254,6,0,1,TRUE,-1,0,0.965886,0.001032,0,0
1,255,2,0,1,TRUE,-1,0,0.915487,0.001,0,0
1,256,5,0,1,TRUE,-1,0,1.060236,0.001001,0,0
1,257,4,3,1,FALSE,-1,1,1.32572,0.001016,1,0
1,258,1,0,1,TRUE,1,0,0.898989,0.472343,0,0
1,259,2,0,1,TRUE,1,0,1.006798,1.207544,0,0
1,260,4,0,1,TRUE,-1,0,1.111816,1.455019,0,0
1,261,1,0,1,TRUE,1,0,1.123266,0.001015,0,0
1,262,3,4,1,TRUE,-1,-1,1.25915,0.488592,1,3
1,263,4,0,1,TRUE,1,0,1.395955,2.128469,0,0
1,264,1,0,1,TRUE,1,0,1.307764,1.558308,0,0
1,265,6,1,1,TRUE,-1,-1,1.227151,0.001009,1,2
1,266,6,0,1,TRUE,1,0,1.086909,1.274964,0,0
1,267,2,6,1,TRUE,1,-1,1.494739,0.001013,1,5
1,268,2,1,1,FALSE,-1,-1,1.137353,1.606476,1,0
1,269,5,1,1,TRUE,1,1,3.655893,0.718717,1,3
1,270,4,0,1,TRUE,-1,0,1.167588,3.389137,0,0
1,271,2,0,1,TRUE,1,0,0.001264,1.007176,0,0
1,272,1,6,1,TRUE,-1,-1,0.001046,0.445151,1,0
1,273,3,0,1,TRUE,1,0,0.951098,0.40148,0,0
1,274,5,0,1,TRUE,-1,0,1.013272,0.505149,0,0
1,275,6,6,1,TRUE,1,-1,1.262298,1.363548,1,1
1,276,3,0,1,TRUE,-1,0,0.001075,1.244241,0,0
1,277,4,0,1,TRUE,-1,0,0.824707,0.001061,0,0
1,278,4,0,0,TRUE,1,0,0.723411,0.651017,0,0
1,279,6,2,1,TRUE,1,1,2.374653,0.371686,1,3
1,280,4,0,1,TRUE,1,0,1.502053,0.604163,0,0
1,281,5,5,1,TRUE,1,-1,1.120262,0.873293,1,2
1,282,1,0,1,TRUE,1,0,1.599201,0.880255,0,0
1,283,2,0,1,TRUE,-1,0,0.82117,0.001012,0,0
1,284,5,4,1,TRUE,-1,-1,0.001027,0.967242,1,3
1,285,4,4,1,FALSE,1,1,1.462317,0.420611,1,3
1,286,4,6,1,FALSE,1,-1,0.245841,0.717836,1,3
1,287,4,6,1,FALSE,-1,-1,1.143324,0.714107,1,3
1,288,4,3,1,TRUE,1,-1,1.02314,0.576797,1,0
1,289,1,3,1,TRUE,-1,1,1.265486,1.582783,1,3
1,290,3,0,1,TRUE,-1,0,1.208972,1.281044,0,0
1,291,6,5,1,TRUE,-1,-1,1.213835,0.727468,1,2
1,292,3,4,1,TRUE,1,1,0.054054,0.933876,1,3
1,293,4,0,1,TRUE,1,0,2.804351,0.604654,0,0
1,294,6,0,1,TRUE,1,0,1.411124,0.577831,0,0
1,295,5,0,1,TRUE,1,0,1.900448,0.861571,0,0
1,296,1,5,1,FALSE,1,-1,0.44309,0.94347,1,2
1,297,1,4,0,FALSE,1,1,1.654043,1.058858,1,3
1,298,5,0,1,TRUE,-1,0,1.250589,0.653757,0,0
1,299,4,0,1,TRUE,-1,0,0.92443,0.571508,0,0
1,300,1,0,1,TRUE,-1,0,0.610344,0.867836,0,0
1,301,4,0,1,TRUE,1,0,2.283552,1.733878,0,0
1,302,1,2,1,TRUE,-1,1,0.979223,0.761491,1,2
1,303,2,0,1,TRUE,-1,0,0.001077,0.832641,0,0
1,304,6,0,1,TRUE,1,0,1.964906,0.633164,0,0
1,305,3,1,1,FALSE,1,-1,1.114029,0.580344,1,5
1,306,5,1,1,FALSE,-1,1,1.03676,0.921912,1,3
1,307,6,3,1,TRUE,-1,1,1.100744,0.821047,1,4
1,308,5,4,1,TRUE,1,-1,0.001027,0.768079,1,3
1,309,5,0,1,TRUE,1,0,0.841817,0.638711,0,0
1,310,2,0,1,TRUE,1,0,0.616697,0.861182,0,0
1,311,1,0,1,FALSE,1,0,0.928926,0.483752,0,0
1,312,6,0,1,TRUE,-1,0,0.840911,1.032603,0,0
1,313,1,3,1,FALSE,1,-1,1.303616,0.585742,1,3
1,314,3,0,1,TRUE,1,0,1.132366,0.683229,0,0
1,315,1,0,1,TRUE,1,0,0.39289,1.483881,0,0
1,316,2,0,1,TRUE,1,0,1.250404,0.812135,0,0
1,317,2,0,1,TRUE,-1,0,0.00103,3.964699,0,0
1,318,1,0,1,TRUE,1,0,1.582625,1.979604,0,0
1,319,3,0,1,TRUE,-1,0,0.633383,0.606202,0,0
1,320,5,3,1,TRUE,1,1,1.298774,0.39195,1,5
1,321,1,1,1,TRUE,-1,-1,0.027769,0.759908,1,1
1,322,4,0,1,TRUE,-1,0,1.25687,0.001014,0,0
1,323,5,3,1,TRUE,1,-1,1.742468,1.232289,1,5
1,324,3,0,1,TRUE,-1,0,1.09885,0.992118,0,0
1,325,2,4,1,TRUE,-1,1,1.372295,0.739298,1,3
1,326,6,6,1,TRUE,-1,-1,1.066547,1.040566,1,1
1,327,3,0,1,TRUE,1,0,0.001049,0.695628,0,0
1,328,2,0,1,FALSE,1,0,4.241569,0.750077,0,0
1,329,2,4,1,FALSE,-1,1,1.361044,0.37998,1,3
1,330,1,5,1,FALSE,-1,-1,0.516506,3.447855,1,2
1,331,5,5,1,TRUE,-1,1,0.809607,0.001008,1,2
1,332,6,4,0,FALSE,1,1,0.988564,0.001007,1,3
1,333,4,2,1,TRUE,-1,-1,1.082422,1.420933,1,5
1,334,5,5,1,TRUE,1,1,1.393908,1.035126,1,2
1,335,2,3,1,TRUE,1,1,2.041389,0.403064,1,2
1,336,3,5,1,TRUE,-1,1,1.203311,2.291838,1,2
1,337,2,4,1,TRUE,-1,-1,1.115006,0.670902,1,3
1,338,2,0,1,TRUE,-1,0,0.924237,0.625584,0,0
1,339,2,3,1,TRUE,-1,-1,0.001043,1.042347,1,2
1,340,2,2,1,TRUE,-1,-1,0.827859,0.972003,1,1
1,341,6,0,1,TRUE,1,0,0.001052,0.48298,0,0
1,342,4,0,1,TRUE,-1,0,0.12092,1.281399,0,0
1,343,3,0,1,TRUE,1,0,0.067605,0.53775,0,0
1,344,1,0,1,TRUE,-1,0,0.904288,1.110016,0,0
1,345,5,6,1,FALSE,1,1,1.282213,0.36599,1,2
1,346,3,0,1,TRUE,-1,0,0.927942,0.762095,0,0
1,347,3,4,1,FALSE,1,1,0.014055,0.403967,1,3
1,348,5,1,1,FALSE,1,-1,1.211129,0.880926,1,3
1,349,3,0,1,TRUE,-1,0,0.001088,0.339497,0,0
1,350,1,3,1,TRUE,1,-1,0.478151,1.349514,1,3
1,351,2,1,1,TRUE,1,-1,1.418894,0.616064,1,0
1,352,2,0,1,TRUE,-1,0,0.800743,0.942093,0,0
1,353,4,0,1,TRUE,1,0,1.291995,0.997901,0,0
1,354,5,3,1,TRUE,-1,-1,0.014272,0.91455,1,5
1,355,2,2,1,TRUE,1,-1,1.286445,0.557064,1,1
1,356,3,4,1,TRUE,-1,1,1.0077,0.497583,1,3
1,357,1,4,1,FALSE,-1,1,1.253066,0.472637,1,3
1,358,5,6,1,TRUE,-1,1,0.704779,1.403028,1,2
1,359,4,0,1,TRUE,-1,0,0.88153,1.192913,0,0
1,360,5,0,1,TRUE,1,0,1.777332,1.289175,0,0
1,361,4,0,1,TRUE,1,0,0.492209,0.780765,0,0
1,362,6,1,1,FALSE,1,1,0.987448,1.137686,1,2
1,363,3,2,1,FALSE,-1,-1,0.612412,0.418937,1,0
1,364,5,0,1,TRUE,-1,0,0.993665,0.001013,0,0
1,365,1,0,1,TRUE,-1,0,0.133484,0.323973,0,0
1,366,4,2,1,TRUE,1,-1,0.942005,0.596634,1,5
1,367,5,6,1,TRUE,1,-1,1.091305,0.712937,1,2
1,368,6,0,1,TRUE,-1,0,1.196977,0.600118,0,0
1,369,6,4,1,TRUE,-1,-1,1.008722,1.663292,1,3
1,370,5,4,1,TRUE,1,1,0.913383,1.098161,1,3
1,371,4,0,1,TRUE,1,0,0.067705,0.577047,0,0
1,372,6,1,1,TRUE,-1,-1,1.008987,1.161667,1,2
1,373,2,0,1,TRUE,-1,0,1.336625,0.858819,0,0
1,374,6,1,1,TRUE,1,1,1.04187,0.655002,1,2
1,375,1,5,1,TRUE,-1,-1,1.155252,1.307962,1,2
1,376,3,3,1,FALSE,-1,-1,1.392922,0.327844,1,1
1,377,3,3,1,TRUE,1,-1,1.26461,2.126955,1,1
1,378,2,0,1,TRUE,1,0,1.510235,0.852717,0,0
1,379,5,0,1,TRUE,-1,0,0.742943,0.337534,0,0
1,380,6,0,1,TRUE,-1,0,0.832371,0.688584,0,0
1,381,6,5,1,TRUE,-1,-1,0.32369,0.84085,1,2
1,382,5,0,1,TRUE,-1,0,0.88867,0.809071,0,0
1,383,5,6,1,TRUE,-1,-1,0.904725,0.676118,1,2
1,384,5,0,1,TRUE,1,0,2.188254,0.44385,0,0
1,385,3,3,1,TRUE,-1,-1,1.237067,1.741087,1,1
1,386,1,6,1,TRUE,1,1,0.98851,0.550001,1,0
1,387,4,0,1,TRUE,1,0,0.00105,0.477862,0,0
1,388,6,0,1,FALSE,-1,0,0.001042,0.001006,0,0
1,389,2,0,1,TRUE,1,0,0.14031,0.938398,0,0
1,390,5,0,0,TRUE,1,0,1.129655,1.789955,0,0
1,391,4,0,1,TRUE,-1,0,0.885907,0.922538,0,0
1,392,2,1,1,TRUE,-1,1,1.003564,0.478991,1,0
1,393,3,5,1,FALSE,1,1,1.352016,0.504868,1,2
1,394,2,6,1,TRUE,1,1,2.066322,0.497768,1,5
1,395,2,0,1,TRUE,-1,0,0.790462,0.313162,0,0
1,396,6,0,1,TRUE,1,0,0.847161,0.887755,0,0
1,397,5,0,1,TRUE,-1,0,0.828075,0.472943,0,0
1,398,4,0,1,TRUE,-1,0,0.2198,0.766626,0,0
1,399,4,6,1,TRUE,-1,-1,0.655717,0.690952,1,3
1,400,5,6,1,FALSE,1,1,0.00106,0.86542,1,2
1,401,1,0,1,TRUE,-1,0,0.741686,1.830333,0,0
1,402,5,5,1,FALSE,1,1,0.001056,0.588175,1,2
1,403,4,2,1,FALSE,-1,1,0.909924,0.658078,1,5
1,404,2,5,1,FALSE,1,-1,1.342959,0.834517,1,2
1,405,4,5,1,FALSE,-1,1,0.929262,1.054044,1,2
1,406,1,0,1,TRUE,1,0,0.001081,1.795335,0,0
1,407,4,3,1,TRUE,1,-1,1.809657,1.027232,1,0
1,408,1,0,1,TRUE,1,0,1.057962,0.909506,0,0
1,409,1,2,1,TRUE,-1,1,0.991932,0.827019,1,2
1,410,3,0,1,TRUE,1,0,2.48938,0.85229,0,0
1,411,4,0,1,TRUE,-1,0,0.854177,1.892935,0,0
1,412,6,0,1,TRUE,1,0,1.36417,2.468602,0,0
1,413,2,6,1,TRUE,1,-1,1.331983,1.25793,1,5
1,414,1,0,0,FALSE,1,0,0.956295,1.148098,0,0
1,415,5,0,1,TRUE,1,0,1.322606,0.261012,0,0
1,416,1,6,1,TRUE,1,-1,1.024873,0.486235,1,0
1,417,3,2,1,TRUE,1,-1,3.391524,0.807609,1,0
1,418,2,0,1,TRUE,-1,0,2.117484,0.346455,0,0
1,419,6,4,1,FALSE,-1,1,1.245581,2.297594,1,3
1,420,6,2,1,TRUE,-1,1,1.4918,0.417779,1,3
1,421,4,0,1,FALSE,1,0,0.001035,1.277499,0,0
1,422,4,0,1,TRUE,-1,0,0.809258,0.272731,0,0
1,423,4,3,1,TRUE,-1,-1,0.848376,0.436351,1,0
1,424,4,0,1,TRUE,1,0,1.140612,0.643601,0,0
1,425,3,0,1,TRUE,-1,0,0.001098,0.706183,0,0
1,426,1,1,1,FALSE,-1,1,0.001033,0.378974,1,1
1,427,1,5,1,TRUE,-1,1,0.985457,0.293433,1,2
1,428,4,2,1,TRUE,1,1,1.016289,0.398989,1,5
1,429,4,0,0,TRUE,1,0,0.849831,0.726167,0,0
1,430,4,3,1,TRUE,-1,1,0.802861,0.575871,1,0
1,431,6,2,1,TRUE,-1,1,1.205898,3.28179,1,3
1,432,5,0,1,TRUE,-1,0,1.118782,2.469868,0,0
1,433,4,5,1,TRUE,-1,-1,0.902894,1.115599,1,2
1,434,4,2,1,TRUE,-1,1,1.222513,1.084072,1,5
1,435,4,1,1,TRUE,-1,-1,0.001032,1.689842,1,4
1,436,5,1,1,TRUE,-1,1,0.575848,0.908017,1,3
1,437,3,0,1,TRUE,-1,0,0.85958,1.324094,0,0
1,438,5,1,1,TRUE,-1,-1,0.961938,1.115662,1,3
1,439,6,0,1,TRUE,1,0,1.458332,0.350011,0,0
1,440,1,0,1,TRUE,1,0,1.901267,0.351823,0,0
1,441,5,0,1,TRUE,1,0,0.247083,2.015427,0,0
1,442,1,1,1,TRUE,1,-1,1.119864,1.160189,1,1
1,443,6,5,1,FALSE,1,1,1.479769,0.332745,1,2
1,444,4,5,1,FALSE,1,1,1.383896,1.012233,1,2
1,445,3,0,1,TRUE,-1,0,0.989231,1.081137,0,0
1,446,4,2,1,FALSE,1,1,0.001069,1.372566,1,5
1,447,2,0,1,TRUE,1,0,0.846556,1.765545,0,0
1,448,6,3,1,FALSE,1,1,0.001116,0.591503,1,4
1,449,6,0,1,TRUE,-1,0,0.7381,0.372288,0,0
1,450,2,0,1,TRUE,-1,0,0.901665,0.702037,0,0
1,451,3,2,1,TRUE,-1,1,0.999917,1.146436,1,0
1,452,6,0,1,TRUE,1,0,1.114719,1.06508,0,0
1,453,6,0,1,TRUE,-1,0,1.200998,0.363795,0,0
1,454,2,3,1,TRUE,1,1,1.586837,1.087927,1,2
1,455,6,6,1,TRUE,-1,-1,0.888093,1.058464,1,1
1,456,5,0,1,TRUE,-1,0,0.895302,1.071379,0,0
1,457,1,0,1,TRUE,1,0,0.688914,0.954459,0,0
1,458,4,0,1,TRUE,-1,0,0.756428,0.913746,0,0
1,459,4,0,1,TRUE,1,0,1.264942,1.246489,0,0
1,460,6,0,1,TRUE,-1,0,0.768989,0.510083,0,0
1,461,2,6,1,FALSE,-1,-1,1.854241,1.20626,1,5
1,462,1,0,1,TRUE,-1,0,0.761219,1.183563,0,0
1,463,1,2,1,FALSE,-1,-1,0.550886,1.692306,1,2
1,464,5,5,1,TRUE,-1,-1,0.636386,0.792076,1,2
1,465,2,0,1,TRUE,1,0,1.113888,1.003119,0,0
1,466,3,0,1,TRUE,1,0,0.825049,0.500974,0,0
1,467,1,0,1,TRUE,-1,0,0.961599,2.015828,0,0
1,468,2,0,1,TRUE,-1,0,0.870253,0.907705,0,0
1,469,3,3,1,TRUE,1,-1,0.907924,0.365035,1,1
1,470,5,5,1,TRUE,-1,1,1.015978,1.224517,1,2
1,471,3,1,1,TRUE,-1,-1,0.780532,0.493846,1,5
1,472,5,1,1,TRUE,1,1,0.923639,0.524376,1,3
1,473,1,0,1,TRUE,-1,0,0.977116,0.584845,0,0
1,474,4,0,1,TRUE,-1,0,0.713085,0.287084,0,0
1,475,2,2,1,TRUE,1,-1,1.527012,0.814539,1,1
1,476,6,3,1,TRUE,-1,-1,0.001106,0.598549,1,4
1,477,4,0,1,TRUE,1,0,0.206515,0.890258,0,0
1,478,5,2,1,TRUE,-1,1,0.808345,0.47129,1,4
1,479,3,6,1,TRUE,-1,1,0.984028,0.796145,1,4
1,480,6,0,1,TRUE,1,0,1.467292,1.071874,0,0
1,481,5,0,1,TRUE,1,0,0.900582,0.840136,0,0
1,482,2,0,1,TRUE,-1,0,0.738887,0.450879,0,0
1,483,5,3,1,TRUE,-1,1,0.910012,0.001007,1,5
1,484,2,0,1,TRUE,1,0,0.252479,0.337936,0,0
1,485,3,2,1,TRUE,1,1,1.286559,0.727094,1,0
1,486,5,2,1,TRUE,1,1,1.047151,0.516727,1,4
1,487,6,4,1,TRUE,-1,-1,0.947518,0.599465,1,3
1,488,4,4,1,TRUE,-1,-1,1.067955,2.161432,1,3
1,489,6,2,1,TRUE,-1,-1,0.868515,2.786079,1,3
1,490,5,0,1,TRUE,1,0,1.261934,0.82881,0,0
1,491,5,0,1,TRUE,-1,0,0.678799,1.925082,0,0
1,492,2,0,1,TRUE,-1,0,1.028697,1.409935,0,0
1,493,6,1,1,TRUE,-1,1,0.865334,0.490884,1,2
1,494,5,0,1,TRUE,-1,0,0.781438,0.001003,0,0
1,495,5,0,1,TRUE,1,0,0.001025,0.895368,0,0
1,496,5,0,1,TRUE,1,0,1.260322,0.437705,0,0
1,497,2,0,1,TRUE,1,0,1.052747,0.676762,0,0
1,498,3,0,1,TRUE,1,0,1.33185,1.127123,0,0
1,499,2,0,1,TRUE,1,0,0.924382,0.677736,0,0
1,500,3,0,1,TRUE,1,0,0.876354,0.293439,0,0
1,501,1,6,1,FALSE,-1,-1,0.001031,0.68539,1,0
1,502,6,0,1,TRUE,-1,0,0.795406,1.039343,0,0
1,503,1,3,1,FALSE,-1,1,2.88369,0.64786,1,3
1,504,3,1,1,TRUE,-1,1,0.7888,0.550475,1,5
1,505,4,4,1,TRUE,1,-1,1.562534,0.854468,1,3
1,506,3,0,1,TRUE,-1,0,0.829868,0.898321,0,0
1,507,3,0,1,TRUE,1,0,1.375612,0.306647,0,0
1,508,2,0,1,TRUE,-1,0,0.942473,1.179625,0,0
1,509,1,0,1,TRUE,-1,0,0.730939,0.519255,0,0
1,510,2,2,1,TRUE,-1,-1,0.951222,1.090764,1,1
1,511,3,0,1,TRUE,-1,0,0.683546,0.789181,0,0
1,512,6,5,1,FALSE,1,1,1.027247,0.749574,1,2
1,513,6,0,1,TRUE,-1,0,0.710341,0.878332,0,0
1,514,1,0,1,TRUE,1,0,1.350016,0.92426,0,0
1,515,2,0,1,TRUE,-1,0,0.756056,0.472143,0,0
1,516,2,0,1,TRUE,1,0,0.839447,0.621563,0,0
1,517,2,3,1,FALSE,1,-1,1.046759,0.536706,1,2
1,518,5,0,1,TRUE,1,0,0.811678,0.350749,0,0
1,519,3,3,1,TRUE,-1,1,1.028059,1.065697,1,1
1,520,4,5,1,TRUE,1,1,0.99694,1.135528,1,2
1,521,3,0,1,TRUE,1,0,1.149601,0.860038,0,0
1,522,2,6,1,FALSE,1,1,1.024695,0.405671,1,5
1,523,4,0,1,TRUE,1,0,1.17069,1.417401,0,0
1,524,6,0,1,TRUE,-1,0,0.908263,0.494421,0,0
1,525,2,0,1,TRUE,1,0,0.457951,0.873719,0,0
1,526,5,5,1,TRUE,1,-1,1.137172,0.751147,1,2
1,527,2,5,1,FALSE,1,1,0.917324,0.566094,1,2
1,528,5,6,1,TRUE,1,-1,1.228776,0.879525,1,2
1,529,3,4,1,FALSE,-1,-1,1.371305,0.305474,1,3
1,530,6,0,1,TRUE,1,0,0.047328,1.013088,0,0
1,531,6,1,1,TRUE,1,-1,0.930633,0.789744,1,2
1,532,4,4,1,FALSE,-1,1,1.402384,0.970749,1,3
1,533,4,4,1,FALSE,1,-1,0.910605,1.9738,1,3
1,534,6,0,0,TRUE,1,0,0.705902,0.758273,0,0
1,535,1,0,1,TRUE,-1,0,0.794223,0.258582,0,0
1,536,3,6,1,TRUE,-1,1,1.155892,1.051083,1,4
1,537,6,0,1,TRUE,1,0,3.13463,0.712219,0,0
1,538,5,0,1,TRUE,1,0,0.729458,0.259345,0,0
1,539,4,0,1,TRUE,-1,0,0.572033,0.001027,0,0
1,540,6,0,0,TRUE,1,0,0.811041,0.599563,0,0
1,541,4,1,1,TRUE,1,-1,1.04834,5.021767,1,4
1,542,1,4,1,TRUE,-1,-1,0.920886,0.32735,1,3
1,543,6,3,1,TRUE,1,1,1.011174,0.001035,1,4
1,544,4,4,1,TRUE,-1,1,0.883046,0.424148,1,3
1,545,1,0,1,TRUE,-1,0,0.731839,0.259041,0,0
1,546,5,2,1,TRUE,1,-1,1.166343,0.859526,1,4
1,547,2,2,1,FALSE,-1,1,0.915269,0.78352,1,1
1,548,5,0,1,TRUE,1,0,0.727394,2.29345,0,0
1,549,5,3,1,TRUE,1,-1,1.62665,0.509967,1,5
1,550,2,0,1,TRUE,1,0,2.259571,1.252312,0,0
1,551,3,3,1,FALSE,1,1,1.763544,1.07142,1,1
1,552,4,0,1,TRUE,-1,0,0.778495,0.757978,0,0
1,553,6,2,1,TRUE,1,-1,1.060009,0.470973,1,3
1,554,2,0,1,TRUE,-1,0,0.977477,0.975808,0,0
1,555,1,2,1,TRUE,1,-1,1.18737,0.744457,1,2
1,556,2,4,1,TRUE,1,1,0.963128,1.08148,1,3
1,557,5,6,1,TRUE,-1,1,0.978046,0.77945,1,2
1,558,2,0,1,TRUE,1,0,0.813582,1.051482,0,0
1,559,3,0,1,FALSE,-1,0,0.838676,0.001016,0,0
1,560,4,0,1,TRUE,-1,0,0.977631,4.021431,0,0
1,561,5,5,1,FALSE,-1,-1,0.802926,0.789801,1,2
1,562,1,0,1,TRUE,-1,0,0.756119,2.593707,0,0
1,563,3,0,1,TRUE,-1,0,0.705687,0.872557,0,0
1,564,2,1,1,FALSE,-1,-1,1.040906,0.941666,1,0
1,565,3,6,1,TRUE,-1,-1,0.909292,0.001026,1,4
1,566,3,5,1,FALSE,1,-1,1.22768,0.313093,1,2
1,567,1,5,1,FALSE,1,1,1.419409,0.285452,1,2
1,568,4,3,1,TRUE,-1,-1,0.816431,0.927896,1,0
1,569,3,0,1,FALSE,1,0,1.416511,1.109141,0,0
1,570,4,0,1,TRUE,1,0,1.260966,0.287134,0,0
1,571,2,5,1,TRUE,-1,1,0.816536,0.394102,1,2
1,572,2,4,0,FALSE,1,-1,0.234525,1.091745,1,3
1,573,6,6,1,FALSE,1,1,1.702836,0.617963,1,1
1,574,1,1,1,TRUE,-1,1,0.877333,0.852392,1,1
1,575,2,0,1,FALSE,-1,0,0.10086,0.00101,0,0
1,576,4,0,1,FALSE,-1,0,0.795372,0.615901,0,0
2,1,6,3,1,TRUE,1,1,10.819592,5.443724,1,4
2,2,3,3,1,TRUE,1,-1,7.215444,2.59956,1,1
2,3,4,0,1,TRUE,-1,0,2.346616,1.576148,0,0
2,4,5,6,1,TRUE,1,-1,4.082819,1.531902,1,2
2,5,4,3,0,FALSE,1,-1,4.450054,1.420934,1,0
2,6,4,0,1,TRUE,1,0,1.992357,2.051048,0,0
2,7,5,1,1,TRUE,-1,1,2.800578,1.610246,1,3
2,8,1,0,1,TRUE,-1,0,2.662803,1.532135,0,0
2,9,3,0,1,TRUE,-1,0,2.260415,2.262984,0,0
2,10,1,5,1,TRUE,1,1,4.628772,1.745694,1,2
2,11,4,0,1,TRUE,-1,0,1.891605,1.719645,0,0
2,12,4,4,1,TRUE,1,-1,3.179487,1.069549,1,3
2,13,1,4,1,FALSE,-1,1,4.180648,0.729395,1,3
2,14,1,0,1,TRUE,1,0,2.881224,1.646842,0,0
2,15,5,2,1,TRUE,1,1,4.518747,1.120255,1,4
2,16,6,0,1,TRUE,-1,0,0.001099,0.528784,0,0
2,17,2,0,1,TRUE,1,0,1.925888,0.001004,0,0
2,18,1,2,1,FALSE,1,-1,3.486798,0.820609,1,2
2,19,1,0,1,TRUE,1,0,2.307957,4.642562,0,0
2,20,1,1,1,FALSE,-1,1,4.80646,0.724917,1,1
2,21,5,0,1,TRUE,-1,0,1.796357,1.719987,0,0
2,22,2,2,1,FALSE,-1,1,2.748272,0.446137,1,1
2,23,3,0,1,TRUE,1,0,2.182029,1.060296,0,0
2,24,1,3,1,FALSE,-1,-1,2.407882,0.617546,1,3
2,25,3,3,1,TRUE,1,1,1.910755,1.312892,1,1
2,26,2,0,1,TRUE,1,0,3.27241,1.170638,0,0
2,27,1,2,1,TRUE,1,-1,4.21198,1.575192,1,2
2,28,6,2,1,TRUE,1,1,1.700179,1.561298,1,3
2,29,6,1,1,TRUE,-1,1,3.592091,0.931755,1,2
2,30,6,0,1,TRUE,1,0,1.283876,0.7854,0,0
2,31,1,5,1,TRUE,1,-1,1.393072,0.432281,1,2
2,32,2,1,1,TRUE,1,-1,1.5675,0.469692,1,0
2,33,2,0,1,TRUE,-1,0,1.173772,0.536704,0,0
2,34,4,2,1,TRUE,1,1,1.506815,0.549951,1,5
2,35,2,4,1,TRUE,-1,-1,1.105152,0.425189,1,3
2,36,2,4,1,TRUE,1,1,1.226467,0.640968,1,3
2,37,1,6,1,TRUE,1,-1,2.174824,2.571009,1,0
2,38,4,0,1,TRUE,1,0,1.065276,0.484986,0,0
2,39,5,4,1,FALSE,1,1,3.147576,2.134732,1,3
2,40,4,5,1,TRUE,1,1,2.938817,1.07761,1,2
2,41,1,5,1,TRUE,-1,-1,1.344088,0.769373,1,2
2,42,6,5,1,TRUE,-1,-1,2.480908,0.443748,1,2
2,43,4,0,1,TRUE,-1,0,1.035912,0.413604,0,0
2,44,2,2,1,TRUE,1,1,1.406129,0.001026,1,1
2,45,5,0,1,TRUE,1,0,2.09673,1.028695,0,0
2,46,5,0,1,TRUE,-1,0,1.347084,1.122819,0,0
2,47,4,4,1,TRUE,-1,-1,2.1315,1.771393,1,3
2,48,1,1,1,TRUE,1,-1,2.061016,0.457162,1,1
2,49,5,1,1,TRUE,-1,-1,1.320699,0.651869,1,3
2,50,5,6,1,TRUE,1,-1,1.667494,0.795281,1,2
2,51,4,0,1,TRUE,-1,0,1.325903,0.755759,0,0
2,52,5,5,1,TRUE,-1,1,1.430001,0.290911,1,2
2,53,2,0,1,TRUE,1,0,3.839584,0.536714,0,0
2,54,3,0,1,TRUE,-1,0,2.593839,0.42479,0,0
2,55,2,6,1,TRUE,1,1,0.886037,0.001005,1,5
2,56,4,3,1,TRUE,1,1,2.620341,0.278701,1,0
2,57,1,6,1,TRUE,-1,1,1.609578,0.307232,1,0
2,58,6,3,1,FALSE,-1,1,2.234434,0.893981,1,4
2,59,5,0,1,TRUE,-1,0,1.554156,1.984334,0,0
2,60,4,6,1,TRUE,-1,-1,1.353474,0.385448,1,3
2,61,4,6,1,TRUE,1,-1,2.342863,0.588342,1,3
2,62,3,1,1,TRUE,-1,-1,1.041688,0.438353,1,5
2,63,3,0,1,TRUE,1,0,1.507252,0.259707,0,0
2,64,1,4,1,TRUE,-1,-1,1.966508,0.323473,1,3
2,65,5,0,1,TRUE,-1,0,1.041032,0.264944,0,0
2,66,2,0,1,TRUE,-1,0,0.910067,0.232496,0,0
2,67,5,2,1,TRUE,1,1,1.151929,0.265249,1,4
2,68,3,5,1,TRUE,-1,-1,1.118149,0.27996,1,2
2,69,4,0,1,TRUE,-1,0,1.48884,0.250889,0,0
2,70,2,2,1,TRUE,1,1,1.63605,0.232592,1,1
2,71,3,0,1,TRUE,1,0,2.145584,0.483271,0,0
2,72,6,3,1,FALSE,1,-1,2.206366,1.565344,1,4
2,73,3,0,1,TRUE,-1,0,1.671665,1.139115,0,0
2,74,6,6,1,TRUE,1,1,1.632001,0.570674,1,1
2,75,2,0,1,TRUE,1,0,0.759093,0.344036,0,0
2,76,4,5,1,TRUE,-1,-1,1.617965,0.358538,1,2
2,77,3,0,1,TRUE,-1,0,1.30077,0.25405,0,0
2,78,2,6,1,TRUE,-1,-1,3.646401,0.366177,1,5
2,79,2,0,1,TRUE,-1,0,2.489739,0.456372,0,0
2,80,6,0,1,TRUE,-1,0,1.28306,0.339027,0,0
2,81,5,0,1,TRUE,-1,0,2.933798,0.683201,0,0
2,82,3,6,1,TRUE,1,-1,1.227245,0.300672,1,4
2,83,3,0,1,TRUE,1,0,1.363135,0.800699,0,0
2,84,6,4,1,FALSE,-1,1,1.917424,0.983526,1,3
2,85,3,0,1,TRUE,-1,0,1.158021,0.324736,0,0
2,86,4,0,1,TRUE,1,0,1.300209,0.310993,0,0
2,87,3,0,1,TRUE,1,0,0.993999,0.732413,0,0
2,88,1,0,1,TRUE,1,0,1.56734,0.346225,0,0
2,89,1,0,1,TRUE,-1,0,0.96891,0.572303,0,0
2,90,5,0,1,TRUE,-1,0,1.438603,0.439803,0,0
2,91,6,0,1,TRUE,1,0,1.074625,0.266274,0,0
2,92,3,0,1,TRUE,-1,0,1.024278,0.267123,0,0
2,93,4,0,1,TRUE,1,0,1.263868,0.001034,0,0
2,94,5,0,1,TRUE,-1,0,1.302414,0.389227,0,0
2,95,4,0,1,TRUE,-1,0,1.656533,0.293214,0,0
2,96,4,4,1,TRUE,-1,1,1.434847,0.56981,1,3
2,97,3,0,1,TRUE,-1,0,0.947474,0.395764,0,0
2,98,5,3,1,FALSE,-1,-1,1.54918,0.383701,1,5
2,99,5,3,1,FALSE,-1,-1,2.096412,0.670455,1,5
2,100,2,0,1,TRUE,1,0,1.249094,0.306391,0,0
2,101,4,4,1,TRUE,1,-1,5.798108,0.338186,1,3
2,102,5,0,1,TRUE,1,0,0.933617,0.23894,0,0
2,103,5,0,1,TRUE,-1,0,1.013193,0.279479,0,0
2,104,5,4,1,FALSE,-1,1,2.06688,0.350339,1,3
2,105,2,0,1,TRUE,-1,0,0.81008,0.100402,0,0
2,106,2,0,1,TRUE,1,0,0.592431,0.186676,0,0
2,107,1,3,1,TRUE,-1,-1,1.524552,0.34671,1,3
2,108,2,0,1,TRUE,1,0,0.842938,0.19374,0,0
2,109,4,2,1,TRUE,-1,-1,1.718753,0.225483,1,5
2,110,4,1,1,TRUE,-1,-1,1.037062,0.258451,1,4
2,111,5,0,1,TRUE,1,0,1.163498,0.267359,0,0
2,112,3,2,1,TRUE,1,1,1.841437,0.383423,1,0
2,113,4,1,1,TRUE,1,1,0.907195,0.205489,1,4
2,114,6,4,1,TRUE,1,-1,3.61063,0.159398,1,3
2,115,1,1,1,TRUE,1,1,1.054035,0.271814,1,1
2,116,1,0,1,TRUE,-1,0,0.794542,0.073758,0,0
2,117,5,0,1,TRUE,1,0,2.621252,0.153213,0,0
2,118,2,6,1,TRUE,1,-1,0.864389,0.073804,1,5
2,119,2,0,1,TRUE,1,0,0.555649,0.219353,0,0
2,120,6,5,1,TRUE,1,-1,1.553807,0.258677,1,2
2,121,5,0,1,TRUE,1,0,1.300161,0.233522,0,0
2,122,2,5,1,TRUE,-1,1,1.138782,0.159,1,2
2,123,6,0,1,TRUE,-1,0,0.98378,0.027476,0,0
2,124,6,6,1,TRUE,-1,1,0.89639,0.001005,1,1
2,125,5,5,1,TRUE,1,-1,1.202012,0.054176,1,2
2,126,2,4,1,FALSE,-1,1,1.832258,0.66498,1,3
2,127,4,0,1,TRUE,-1,0,1.655319,0.213316,0,0
2,128,3,0,1,TRUE,1,0,0.903903,1.043692,0,0
2,129,3,5,1,TRUE,-1,1,1.050606,0.160922,1,2
2,130,1,6,1,TRUE,-1,-1,2.100602,0.859227,1,0
2,131,1,0,1,TRUE,1,0,1.067311,0.870438,0,0
2,132,3,0,1,TRUE,1,0,0.93362,0.252418,0,0
2,133,2,0,1,TRUE,-1,0,0.855363,0.206252,0,0
2,134,1,0,1,TRUE,1,0,0.714954,0.19331,0,0
2,135,6,0,1,TRUE,-1,0,0.966006,0.067533,0,0
2,136,6,2,1,TRUE,-1,1,1.287069,0.239851,1,3
2,137,2,0,1,TRUE,-1,0,1.288118,0.305418,0,0
2,138,6,6,1,TRUE,-1,-1,0.910078,0.259417,1,1
2,139,2,1,1,TRUE,-1,-1,1.073044,0.253171,1,0
2,140,3,0,1,TRUE,-1,0,0.987956,0.291968,0,0
2,141,3,5,1,TRUE,-1,-1,1.060653,0.272335,1,2
2,142,1,0,1,TRUE,-1,0,0.797247,0.293953,0,0
2,143,5,0,1,TRUE,-1,0,0.824656,0.160104,0,0
2,144,3,2,1,TRUE,-1,-1,0.939537,0.237602,1,0
2,145,5,3,1,TRUE,1,1,1.209297,0.233806,1,5
2,146,3,4,1,TRUE,1,1,0.917317,0.25939,1,3
2,147,3,5,1,TRUE,-1,1,1.689937,0.391873,1,2
2,148,2,3,1,TRUE,1,1,1.087574,0.225549,1,2
2,149,4,0,1,TRUE,1,0,0.940323,0.001008,0,0
2,150,4,0,1,TRUE,1,0,0.682945,0.08082,0,0
2,151,3,0,1,TRUE,-1,0,0.575887,0.119882,0,0
2,152,1,0,1,TRUE,-1,0,0.800432,0.346469,0,0
2,153,1,2,1,TRUE,1,1,0.94088,0.165554,1,2
2,154,4,0,1,TRUE,-1,0,1.126049,0.207254,0,0
2,155,3,4,1,TRUE,-1,1,1.150939,0.147111,1,3
2,156,6,3,1,FALSE,1,-1,2.039759,0.436276,1,4
2,157,3,0,1,TRUE,-1,0,0.980455,0.337657,0,0
2,158,1,4,1,TRUE,1,1,1.305382,0.000998,1,3
2,159,1,2,1,TRUE,-1,1,1.544278,0.274869,1,2
2,160,5,0,1,TRUE,-1,0,0.737334,0.332198,0,0
2,161,5,6,1,TRUE,-1,-1,1.129611,0.194078,1,2
2,162,5,1,1,TRUE,1,1,1.428394,0.080392,1,3
2,163,5,0,1,TRUE,1,0,1.016193,0.218163,0,0
2,164,5,6,1,TRUE,-1,1,2.786352,0.105716,1,2
2,165,6,0,1,TRUE,-1,0,0.742619,0.192545,0,0
2,166,2,6,1,TRUE,1,1,1.921641,0.054009,1,5
2,167,3,6,1,TRUE,-1,1,1.128912,0.553687,1,4
2,168,2,2,1,TRUE,1,-1,0.978498,0.290728,1,1
2,169,3,3,1,FALSE,-1,-1,1.380289,0.431927,1,1
2,170,5,0,1,TRUE,1,0,0.94389,0.404336,0,0
2,171,6,0,1,TRUE,1,0,1.742381,0.20649,0,0
2,172,5,3,1,TRUE,-1,1,1.004605,0.252177,1,5
2,173,6,5,1,TRUE,1,-1,1.333383,0.000998,1,2
2,174,4,0,1,TRUE,-1,0,1.044841,0.232037,0,0
2,175,1,3,1,TRUE,1,1,1.74402,0.027541,1,3
2,176,3,1,1,TRUE,-1,1,1.062099,0.238575,1,5
2,177,4,3,1,TRUE,-1,1,1.265036,0.059974,1,0
2,178,6,3,1,TRUE,-1,-1,1.208901,0.10752,1,4
2,179,5,5,1,TRUE,-1,-1,1.258825,0.205689,1,2
2,180,2,0,1,TRUE,-1,0,0.731128,0.201261,0,0
2,181,5,2,1,TRUE,-1,-1,1.045861,0.046987,1,4
2,182,1,0,1,TRUE,-1,0,0.808736,0.007637,0,0
2,183,2,0,1,TRUE,-1,0,0.8156,0.014125,0,0
2,184,3,4,0,FALSE,-1,-1,0.9082,1.502471,1,3
2,185,5,5,1,TRUE,1,1,1.546481,0.194554,1,2
2,186,2,1,1,TRUE,-1,1,0.946313,0.067222,1,0
2,187,4,0,1,TRUE,1,0,0.822915,0.020959,0,0
2,188,5,1,1,TRUE,-1,1,1.041021,0.001043,1,3
2,189,6,4,1,TRUE,-1,-1,1.750541,0.001002,1,3
2,190,5,0,1,TRUE,1,0,2.158932,0.001037,0,0
2,191,6,6,1,TRUE,1,1,1.001546,0.001046,1,1
2,192,6,0,1,TRUE,-1,0,1.00469,0.001015,0,0
2,193,6,0,1,TRUE,1,0,0.848552,1.225601,0,0
2,194,2,3,1,TRUE,-1,1,0.993593,0.001006,1,2
2,195,2,5,1,TRUE,-1,1,0.791657,0.001038,1,2
2,196,1,0,1,TRUE,1,0,0.856502,0.001046,0,0
2,197,2,0,1,TRUE,-1,0,0.73691,0.027236,0,0
2,198,4,0,1,TRUE,1,0,0.995119,0.001025,0,0
2,199,1,0,1,TRUE,-1,0,0.816707,0.134349,0,0
2,200,6,0,1,TRUE,-1,0,1.093955,0.553802,0,0
2,201,3,0,1,TRUE,1,0,1.00998,0.086727,0,0
2,202,2,0,1,TRUE,1,0,0.651086,0.127159,0,0
2,203,4,0,1,TRUE,-1,0,0.748886,0.000998,0,0
2,204,4,2,1,TRUE,1,1,1.208288,0.001006,1,5
2,205,4,0,1,TRUE,1,0,0.683822,0.001001,0,0
2,206,4,0,1,TRUE,-1,0,0.708064,0.000989,0,0
2,207,6,4,1,TRUE,1,-1,1.251783,0.001009,1,3
2,208,1,0,1,TRUE,-1,0,0.691296,0.258874,0,0
2,209,3,0,1,TRUE,1,0,0.589811,0.060356,0,0
2,210,4,3,1,TRUE,-1,-1,2.289672,0.200212,1,0
2,211,2,0,1,TRUE,-1,0,0.67742,0.353091,0,0
2,212,1,0,1,TRUE,1,0,0.668233,0.173256,0,0
2,213,6,1,1,TRUE,1,1,1.055655,0.173615,1,2
2,214,1,3,1,TRUE,1,-1,1.335946,0.073968,1,3
2,215,4,0,1,TRUE,1,0,1.506762,0.014318,0,0
2,216,6,0,1,TRUE,-1,0,0.74933,0.00106,0,0
2,217,6,1,1,TRUE,1,-1,1.273982,0.166594,1,2
2,218,5,0,1,TRUE,1,0,0.769599,0.060913,0,0
2,219,1,5,1,TRUE,1,-1,0.857111,0.126739,1,2
2,220,3,0,1,TRUE,1,0,1.414246,0.266339,0,0
2,221,2,0,1,TRUE,1,0,0.730903,0.053802,0,0
2,222,5,3,1,TRUE,-1,1,1.044195,0.094274,1,5
2,223,2,2,1,TRUE,1,-1,1.085849,0.00107,1,1
2,224,2,0,1,TRUE,1,0,0.780559,0.033728,0,0
2,225,2,0,1,TRUE,-1,0,0.655768,0.001003,0,0
2,226,3,0,1,TRUE,1,0,0.534975,0.001024,0,0
2,227,1,0,1,TRUE,-1,0,0.688647,0.001052,0,0
2,228,3,0,1,TRUE,-1,0,0.676525,0.001024,0,0
2,229,5,0,1,TRUE,-1,0,0.651323,0.001029,0,0
2,230,6,0,1,TRUE,1,0,0.876877,0.001021,0,0
2,231,1,0,1,TRUE,-1,0,0.715976,0.001032,0,0
2,232,3,6,1,TRUE,1,1,1.012869,0.001005,1,4
2,233,2,5,1,TRUE,-1,-1,1.072514,0.001012,1,2
2,234,5,5,1,TRUE,-1,1,1.01667,0.001003,1,2
2,235,1,6,1,TRUE,-1,1,1.036362,0.000997,1,0
2,236,6,0,1,TRUE,1,0,0.801834,0.001045,0,0
2,237,5,0,0,TRUE,1,0,1.166868,0.001005,0,0
2,238,2,0,1,TRUE,1,0,0.675623,0.000998,0,0
2,239,4,0,1,TRUE,-1,0,0.739386,0.001046,0,0
2,240,1,3,1,FALSE,1,1,1.671513,0.890012,1,3
2,241,5,1,1,TRUE,1,1,1.541917,0.199123,1,3
2,242,1,0,1,TRUE,-1,0,1.00313,0.00101,0,0
2,243,4,0,1,TRUE,1,0,1.789829,0.25923,0,0
2,244,2,2,1,TRUE,-1,-1,0.928108,0.258417,1,1
2,245,5,0,1,TRUE,1,0,1.534243,0.734076,0,0
2,246,2,0,1,TRUE,-1,0,0.610522,0.027469,0,0
2,247,2,6,1,TRUE,-1,1,1.669118,0.351169,1,5
2,248,6,0,1,TRUE,1,0,0.810512,0.001014,0,0
2,249,4,0,1,TRUE,-1,0,1.311145,0.245574,0,0
2,250,1,0,1,TRUE,1,0,1.462929,0.64904,0,0
2,251,2,0,1,TRUE,-1,0,1.217483,0.192989,0,0
2,252,1,1,1,TRUE,-1,-1,1.00815,0.113511,1,1
2,253,3,0,1,TRUE,1,0,0.978458,0.114453,0,0
2,254,4,6,1,TRUE,-1,-1,1.093018,0.001017,1,3
2,255,4,4,1,TRUE,1,1,1.235794,0.001042,1,3
2,256,2,5,1,TRUE,1,1,1.20333,0.220144,1,2
2,257,1,3,1,TRUE,-1,1,1.087565,0.205455,1,3
2,258,4,2,1,TRUE,-1,-1,1.585398,0.352532,1,5
2,259,2,0,1,TRUE,1,0,0.656171,0.00099,0,0
2,260,2,3,1,FALSE,1,-1,0.960162,1.035717,1,2
2,261,1,5,1,TRUE,-1,-1,1.322251,0.001033,1,2
2,262,3,0,1,TRUE,1,0,0.723713,0.001006,0,0
2,263,4,0,1,TRUE,1,0,0.833779,0.001022,0,0
2,264,1,0,1,TRUE,1,0,0.721276,0.033802,0,0
2,265,1,0,1,TRUE,1,0,0.684659,0.020997,0,0
2,266,1,4,1,TRUE,1,1,0.772122,0.000998,1,3
2,267,4,5,1,FALSE,1,1,1.623627,0.470857,1,2
2,268,6,4,1,TRUE,1,1,1.738326,0.034181,1,3
2,269,4,1,1,TRUE,1,-1,0.866503,0.001005,1,4
2,270,3,0,1,TRUE,1,0,0.748156,0.001005,0,0
2,271,6,0,1,TRUE,-1,0,1.071696,0.072717,0,0
2,272,6,1,1,TRUE,-1,-1,0.963205,0.12038,1,2
2,273,2,0,1,TRUE,-1,0,0.669873,0.001,0,0
2,274,5,0,1,TRUE,1,0,0.738574,0.001022,0,0
2,275,2,5,1,TRUE,1,-1,0.780956,0.00101,1,2
2,276,6,0,1,TRUE,1,0,0.76973,0.000979,0,0
2,277,3,1,1,TRUE,1,-1,1.224014,0.001002,1,5
2,278,3,0,1,TRUE,1,0,0.648059,0.001006,0,0
2,279,4,4,1,TRUE,-1,-1,1.528369,0.001036,1,3
2,280,4,0,1,TRUE,-1,0,0.862415,0.000999,0,0
2,281,3,0,1,TRUE,-1,0,0.847949,0.001041,0,0
2,282,1,0,1,TRUE,1,0,1.357699,0.152502,0,0
2,283,5,0,1,TRUE,1,0,0.88172,0.185921,0,0
2,284,3,1,1,TRUE,1,1,1.17161,0.093639,1,5
2,285,6,0,1,TRUE,-1,0,0.879921,0.027068,0,0
2,286,3,0,1,TRUE,-1,0,0.849186,0.067719,0,0
2,287,5,0,1,TRUE,-1,0,0.955399,0.418205,0,0
2,288,3,2,1,TRUE,-1,-1,0.96598,0.001039,1,0
2,289,2,0,1,TRUE,1,0,0.957154,0.877542,0,0
2,290,5,0,1,TRUE,-1,0,0.702951,0.846283,0,0
2,291,4,0,1,TRUE,1,0,0.50991,0.383303,0,0
2,292,3,4,1,TRUE,1,1,0.940092,0.214183,1,3
2,293,6,0,1,TRUE,-1,0,0.578076,0.040678,0,0
2,294,4,6,1,TRUE,-1,1,1.018292,0.079755,1,3
2,295,1,1,1,TRUE,1,1,1.068837,0.106949,1,1
2,296,6,4,1,TRUE,1,1,1.061101,0.020956,1,3
2,297,2,0,1,TRUE,1,0,0.663165,0.001008,0,0
2,298,4,0,1,TRUE,-1,0,1.355662,0.126332,0,0
2,299,4,2,1,TRUE,-1,1,1.837184,0.247352,1,5
2,300,4,4,1,TRUE,1,1,0.800575,0.001014,1,3
2,301,2,0,1,TRUE,-1,0,0.904763,0.68394,0,0
2,302,4,0,1,TRUE,1,0,0.544892,0.034114,0,0
2,303,5,3,1,TRUE,1,-1,1.264471,0.093712,1,5
2,304,3,5,1,TRUE,1,-1,1.096685,0.001234,1,2
2,305,3,0,1,TRUE,1,0,0.793967,0.001003,0,0
2,306,6,5,1,TRUE,1,1,1.072194,0.001007,1,2
2,307,1,0,1,TRUE,-1,0,0.591235,0.001009,0,0
2,308,3,5,1,TRUE,1,1,0.802541,0.000978,1,2
2,309,2,3,1,TRUE,1,1,0.585417,0.027571,1,2
2,310,5,4,0,FALSE,1,-1,0.744604,1.051499,1,3
2,311,3,0,1,TRUE,-1,0,0.648165,0.001023,0,0
2,312,3,0,1,TRUE,1,0,0.624197,0.001007,0,0
2,313,4,4,1,TRUE,-1,1,1.118587,0.001005,1,3
2,314,2,0,1,TRUE,1,0,0.980032,0.000994,0,0
2,315,5,4,1,TRUE,-1,-1,1.083886,0.03432,1,3
2,316,6,0,1,TRUE,1,0,0.834166,0.001089,0,0
2,317,6,0,1,TRUE,1,0,0.795712,0.775453,0,0
2,318,4,0,1,TRUE,1,0,0.794891,0.001003,0,0
2,319,3,0,1,TRUE,1,0,0.491887,0.134463,0,0
2,320,1,0,1,TRUE,1,0,0.920315,0.014232,0,0
2,321,1,6,1,TRUE,1,1,0.769161,0.383162,1,0
2,322,1,1,1,TRUE,1,-1,0.984206,0.266809,1,1
2,323,5,0,1,TRUE,-1,0,0.922774,0.179439,0,0
2,324,3,2,1,TRUE,1,1,0.683219,0.027413,1,0
2,325,5,0,1,TRUE,1,0,1.090304,0.164478,0,0
2,326,4,0,1,TRUE,-1,0,0.912792,0.014238,0,0
2,327,4,1,1,TRUE,-1,1,0.867728,0.047562,1,4
2,328,4,0,1,TRUE,-1,0,0.57772,0.001212,0,0
2,329,5,2,1,TRUE,1,-1,0.908953,0.001017,1,4
2,330,1,0,1,TRUE,1,0,0.994196,0.00102,0,0
2,331,3,4,1,TRUE,-1,1,1.147331,0.198928,1,3
2,332,5,0,1,TRUE,1,0,0.677611,0.001042,0,0
2,333,1,3,1,TRUE,1,-1,1.04022,0.001049,1,3
2,334,2,0,1,TRUE,1,0,0.657283,0.00127,0,0
2,335,5,0,1,TRUE,-1,0,0.829122,0.001043,0,0
2,336,6,0,1,TRUE,-1,0,0.809669,0.001048,0,0
2,337,1,0,1,TRUE,1,0,0.663749,0.001003,0,0
2,338,2,0,1,TRUE,-1,0,0.556758,0.001068,0,0
2,339,6,2,1,TRUE,1,-1,1.02192,0.001006,1,3
2,340,3,6,1,TRUE,1,1,0.827528,0.001043,1,4
2,341,1,0,1,TRUE,1,0,1.173282,0.000997,0,0
2,342,5,2,1,TRUE,-1,-1,1.142362,0.001,1,4
2,343,4,0,1,TRUE,-1,0,0.861276,0.001045,0,0
2,344,6,0,1,TRUE,1,0,1.144837,0.001227,0,0
2,345,6,5,1,TRUE,-1,1,0.747428,0.001063,1,2
2,346,2,0,1,TRUE,1,0,0.83166,0.001275,0,0
2,347,4,3,1,TRUE,1,1,0.649794,0.001291,1,0
2,348,1,0,1,TRUE,-1,0,0.589688,0.00104,0,0
2,349,4,1,1,TRUE,1,-1,0.808458,0.007618,1,4
2,350,5,0,1,TRUE,1,0,0.589985,0.001036,0,0
2,351,5,2,1,TRUE,-1,1,1.022369,0.001002,1,4
2,352,3,3,1,TRUE,-1,1,0.821026,0.027545,1,1
2,353,4,3,1,TRUE,1,-1,0.993333,0.001,1,0
2,354,6,0,1,TRUE,-1,0,0.601152,0.001056,0,0
2,355,5,0,1,TRUE,1,0,0.588994,0.000993,0,0
2,356,4,0,1,TRUE,1,0,0.716274,0.001019,0,0
2,357,1,3,1,TRUE,-1,1,0.769955,0.240589,1,3
2,358,4,0,1,TRUE,1,0,0.703166,0.067221,0,0
2,359,1,4,1,FALSE,1,-1,2.032972,0.417474,1,3
2,360,4,5,1,TRUE,-1,1,1.148523,0.001005,1,2
2,361,5,3,1,TRUE,1,-1,1.103871,0.001058,1,5
2,362,4,0,1,TRUE,-1,0,0.752817,0.001077,0,0
2,363,5,1,1,TRUE,1,-1,0.956213,0.000982,1,3
2,364,3,0,1,TRUE,1,0,0.637625,0.001,0,0
2,365,3,2,1,TRUE,-1,1,1.087595,0.001022,1,0
2,366,6,0,1,TRUE,-1,0,0.595571,0.000998,0,0
2,367,6,0,1,TRUE,1,0,1.02122,0.113183,0,0
2,368,4,1,1,TRUE,-1,1,0.884772,0.001001,1,4
2,369,5,5,1,TRUE,-1,-1,0.731703,0.027603,1,2
2,370,6,0,1,TRUE,1,0,0.859228,0.001001,0,0
2,371,2,3,1,TRUE,1,-1,0.863361,0.000996,1,2
2,372,1,2,1,TRUE,1,1,1.149876,0.000999,1,2
2,373,2,1,1,TRUE,1,-1,0.954847,0.70635,1,0
2,374,1,5,1,TRUE,1,1,0.744001,0.001004,1,2
2,375,6,6,1,TRUE,-1,-1,0.743593,0.001006,1,1
2,376,4,3,0,FALSE,-1,1,0.630192,0.962255,1,0
2,377,6,0,1,TRUE,-1,0,0.668652,0.001004,0,0
2,378,5,0,1,TRUE,-1,0,0.59116,0.001006,0,0
2,379,2,6,1,TRUE,1,-1,0.850401,0.000991,1,5
2,380,2,1,1,TRUE,-1,-1,1.003239,0.001035,1,0
2,381,1,4,1,TRUE,-1,1,0.775088,0.001046,1,3
2,382,5,2,1,TRUE,-1,1,1.287396,0.24533,1,4
2,383,5,0,1,TRUE,1,0,0.767191,0.001066,0,0
2,384,3,3,1,TRUE,1,1,0.815284,0.001041,1,1
2,385,6,4,1,TRUE,-1,-1,0.78037,0.000998,1,3
2,386,4,3,1,TRUE,-1,-1,1.268911,0.001067,1,0
2,387,2,4,1,TRUE,-1,-1,0.755153,0.001057,1,3
2,388,6,3,1,TRUE,-1,1,0.849631,0.000999,1,4
2,389,1,0,0,TRUE,1,0,0.723627,0.001042,0,0
2,390,3,0,1,TRUE,-1,0,0.78741,0.001003,0,0
2,391,5,4,1,TRUE,1,1,0.936758,0.034254,1,3
2,392,2,3,1,TRUE,-1,-1,0.876918,0.001016,1,2
2,393,5,0,1,TRUE,-1,0,0.724616,0.001041,0,0
2,394,1,0,1,TRUE,1,0,0.808354,0.001016,0,0
2,395,3,1,1,TRUE,1,-1,1.066339,0.001005,1,5
2,396,5,0,1,TRUE,1,0,0.728771,0.001007,0,0
2,397,2,4,1,TRUE,-1,1,0.703538,0.020912,1,3
2,398,3,0,1,TRUE,-1,0,0.727609,0.52168,0,0
2,399,5,0,0,FALSE,1,0,0.511274,0.771826,0,0
2,400,1,5,1,TRUE,-1,1,0.87397,0.080236,1,2
2,401,2,0,1,TRUE,1,0,0.65686,0.053794,0,0
2,402,6,0,1,TRUE,1,0,0.704588,0.020865,0,0
2,403,3,0,1,TRUE,1,0,0.690677,0.001017,0,0
2,404,2,0,1,TRUE,1,0,0.565746,0.000998,0,0
2,405,6,0,1,TRUE,1,0,0.663062,0.073474,0,0
2,406,6,2,1,TRUE,-1,-1,1.133856,0.001027,1,3
2,407,1,0,1,TRUE,-1,0,0.697151,0.027593,0,0
2,408,1,6,1,TRUE,1,-1,0.886562,0.001128,1,0
2,409,5,3,1,TRUE,1,1,1.141685,0.001014,1,5
2,410,3,0,1,TRUE,-1,0,0.696203,0.000999,0,0
2,411,2,2,1,TRUE,-1,-1,0.888058,0.001017,1,1
2,412,3,1,1,TRUE,1,1,0.947755,0.53,1,5
2,413,6,0,1,TRUE,-1,0,0.904817,0.299246,0,0
2,414,3,0,1,TRUE,-1,0,0.753708,0.09336,0,0
2,415,6,0,1,TRUE,1,0,0.723005,0.106029,0,0
2,416,2,5,1,TRUE,1,-1,0.753809,0.09363,1,2
2,417,5,0,1,TRUE,-1,0,0.744029,0.053866,0,0
2,418,4,0,1,TRUE,-1,0,0.717484,0.00099,0,0
2,419,4,0,1,TRUE,1,0,0.790893,0.001001,0,0
2,420,4,1,1,TRUE,-1,-1,0.961347,0.000998,1,4
2,421,5,2,1,TRUE,1,-1,0.922512,0.001011,1,4
2,422,1,0,1,TRUE,1,0,0.717485,0.001024,0,0
2,423,1,5,1,FALSE,-1,1,1.723204,0.668487,1,2
2,424,3,2,1,TRUE,1,-1,0.782377,0.000999,1,0
2,425,5,4,1,FALSE,1,-1,1.243965,0.469504,1,3
2,426,2,0,1,TRUE,-1,0,0.647268,0.001003,0,0
2,427,2,0,1,TRUE,-1,0,0.577313,0.001003,0,0
2,428,2,1,1,TRUE,-1,1,1.084141,0.001004,1,0
2,429,5,0,1,TRUE,-1,0,0.696251,0.001016,0,0
2,430,4,5,1,TRUE,-1,-1,1.203086,0.001033,1,2
2,431,4,2,1,TRUE,1,-1,1.134275,0.001028,1,5
2,432,2,0,1,TRUE,-1,0,1.533686,0.067511,0,0
2,433,2,1,0,FALSE,1,1,0.683194,0.821248,1,0
2,434,1,1,1,TRUE,-1,-1,1.11651,0.001011,1,1
2,435,6,0,1,TRUE,-1,0,0.612679,0.212762,0,0
2,436,1,0,1,TRUE,-1,0,0.537937,0.001031,0,0
2,437,2,3,1,TRUE,-1,1,0.860326,0.00101,1,2
2,438,6,1,1,TRUE,-1,1,1.134458,0.260783,1,2
2,439,6,6,1,TRUE,-1,1,0.74408,0.073674,1,1
2,440,1,0,1,TRUE,1,0,0.725726,0.001043,0,0
2,441,1,0,1,TRUE,-1,0,0.551998,0.001038,0,0
2,442,1,4,1,TRUE,1,-1,1.040786,0.007617,1,3
2,443,5,0,1,TRUE,-1,0,0.637083,0.001058,0,0
2,444,4,0,1,TRUE,1,0,0.935032,0.001035,0,0
2,445,3,2,1,TRUE,-1,1,0.858326,0.001053,1,0
2,446,4,0,1,TRUE,-1,0,0.602969,0.001048,0,0
2,447,3,4,1,TRUE,-1,-1,0.960454,0.00105,1,3
2,448,5,0,1,TRUE,1,0,1.310672,0.359006,0,0
2,449,6,0,1,TRUE,1,0,0.728203,0.001057,0,0
2,450,2,0,1,TRUE,-1,0,0.82929,0.001001,0,0
2,451,5,5,1,TRUE,1,-1,1.048388,0.001018,1,2
2,452,1,0,1,TRUE,-1,0,0.590605,0.001002,0,0
2,453,1,0,1,TRUE,-1,0,0.502085,0.001005,0,0
2,454,4,6,1,TRUE,1,1,0.821606,0.074021,1,3
2,455,3,4,1,TRUE,1,-1,1.049373,0.001008,1,3
2,456,3,3,1,TRUE,1,-1,0.852688,0.000998,1,1
2,457,3,0,1,TRUE,-1,0,0.635922,0.060633,0,0
2,458,3,0,1,TRUE,-1,0,0.863631,0.001048,0,0
2,459,2,0,1,TRUE,1,0,0.791292,0.001002,0,0
2,460,1,2,1,TRUE,-1,1,0.718048,0.001003,1,2
2,461,4,5,1,TRUE,-1,1,0.830769,0.00101,1,2
2,462,3,3,1,TRUE,-1,-1,0.979605,0.001004,1,1
2,463,1,0,1,TRUE,-1,0,0.596601,0.00101,0,0
2,464,4,0,1,TRUE,1,0,0.873368,0.001021,0,0
2,465,1,1,1,TRUE,-1,1,0.856752,0.001027,1,1
2,466,3,3,1,FALSE,-1,1,1.906774,0.206476,1,1
2,467,1,0,1,TRUE,1,0,0.919603,0.001008,0,0
2,468,6,0,1,TRUE,1,0,0.802219,0.001009,0,0
2,469,3,0,1,TRUE,-1,0,0.744033,0.001006,0,0
2,470,1,2,1,TRUE,-1,-1,0.721751,0.731092,1,2
2,471,1,0,1,TRUE,-1,0,0.5251,0.001004,0,0
2,472,5,0,1,TRUE,-1,0,0.911225,0.001006,0,0
2,473,4,6,1,TRUE,-1,1,1.380973,0.001001,1,3
2,474,2,5,1,TRUE,-1,-1,1.020106,0.000985,1,2
2,475,2,2,1,TRUE,-1,1,1.257584,0.001,1,1
2,476,4,0,1,TRUE,-1,0,0.750734,1.370199,0,0
2,477,6,2,1,FALSE,1,-1,1.259969,0.548612,1,3
2,478,1,4,1,TRUE,-1,-1,0.677842,0.001024,1,3
2,479,2,0,1,TRUE,-1,0,0.847712,0.001034,0,0
2,480,1,0,1,TRUE,1,0,0.968209,0.001043,0,0
2,481,6,0,1,TRUE,-1,0,0.517842,0.000991,0,0
2,482,4,2,1,FALSE,-1,1,1.482216,0.257791,1,5
2,483,1,0,1,TRUE,-1,0,0.749692,0.001065,0,0
2,484,1,0,1,TRUE,-1,0,0.65974,0.001003,0,0
2,485,5,6,1,TRUE,-1,-1,0.637041,0.001041,1,2
2,486,5,0,1,TRUE,-1,0,0.670526,0.001,0,0
2,487,5,6,1,TRUE,-1,1,0.599018,0.001024,1,2
2,488,3,6,1,TRUE,-1,-1,1.126447,0.001016,1,4
2,489,6,1,1,TRUE,1,1,1.252931,0.007692,1,2
2,490,6,6,1,TRUE,1,-1,1.321856,0.16098,1,1
2,491,6,0,1,TRUE,1,0,0.661592,0.001044,0,0
2,492,1,2,1,TRUE,-1,-1,0.665413,0.000995,1,2
2,493,6,0,1,TRUE,-1,0,0.579295,0.001001,0,0
2,494,1,6,1,TRUE,-1,-1,0.841368,0.00104,1,0
2,495,2,1,1,TRUE,1,1,0.809323,0.001042,1,0
2,496,6,0,1,TRUE,1,0,0.710686,0.001011,0,0
2,497,4,0,1,TRUE,1,0,0.746865,0.001027,0,0
2,498,5,0,1,TRUE,1,0,0.754279,0.001063,0,0
2,499,3,0,1,TRUE,-1,0,0.815801,0.001039,0,0
2,500,6,3,1,TRUE,-1,-1,0.610666,0.001008,1,4
2,501,2,0,1,TRUE,1,0,0.929477,0.001008,0,0
2,502,3,0,1,TRUE,1,0,0.603082,0.001019,0,0
2,503,2,6,1,TRUE,-1,-1,0.902725,0.001002,1,5
2,504,4,0,1,TRUE,1,0,0.681005,0.001015,0,0
2,505,6,2,1,TRUE,-1,1,0.990388,0.001006,1,3
2,506,6,6,1,TRUE,1,-1,0.831092,0.001021,1,1
2,507,3,1,1,TRUE,-1,1,0.709504,0.001006,1,5
2,508,6,5,1,TRUE,-1,1,0.70986,0.000996,1,2
2,509,6,1,1,TRUE,-1,-1,0.712595,0.00106,1,2
2,510,5,4,1,FALSE,-1,-1,1.303217,0.921918,1,3
2,511,4,0,1,TRUE,-1,0,0.714319,0.001014,0,0
2,512,2,0,1,TRUE,1,0,0.70909,0.001012,0,0
2,513,6,0,1,FALSE,1,0,2.283572,0.26508,0,0
2,514,3,2,1,TRUE,1,-1,0.868048,0.001003,1,0
2,515,5,6,1,TRUE,1,1,0.888866,0.001001,1,2
2,516,2,0,1,TRUE,-1,0,0.624387,0.000998,0,0
2,517,2,4,1,TRUE,1,1,0.724381,0.001012,1,3
2,518,3,0,1,TRUE,-1,0,0.723483,0.001003,0,0
2,519,5,0,1,TRUE,-1,0,0.62424,0.001,0,0
2,520,4,1,1,TRUE,1,1,0.62891,0.000999,1,4
2,521,1,6,1,TRUE,1,1,0.713607,0.001007,1,0
2,522,1,0,1,TRUE,1,0,0.681321,0.001001,0,0
2,523,2,5,1,TRUE,1,1,0.670544,0.001007,1,2
2,524,2,0,1,TRUE,-1,0,0.464133,0.00101,0,0
2,525,5,4,0,FALSE,-1,1,0.694937,1.145088,1,3
2,526,6,0,1,TRUE,-1,0,0.631437,0.001077,0,0
2,527,4,0,1,TRUE,1,0,0.834922,0.001004,0,0
2,528,6,0,1,TRUE,1,0,0.602564,0.001009,0,0
2,529,4,0,1,TRUE,-1,0,0.611149,0.001006,0,0
2,530,5,1,1,TRUE,1,-1,1.068838,0.001036,1,3
2,531,3,6,1,TRUE,-1,1,0.81542,0.001018,1,4
2,532,1,0,1,TRUE,-1,0,0.650013,0.001011,0,0
2,533,3,4,1,TRUE,1,-1,0.836955,0.007636,1,3
2,534,5,0,1,TRUE,1,0,0.718888,0.094203,0,0
2,535,6,0,1,TRUE,1,0,0.67582,0.001227,0,0
2,536,3,0,1,TRUE,-1,0,0.675935,0.001009,0,0
2,537,6,0,1,TRUE,1,0,0.69026,0.001034,0,0
2,538,4,2,1,TRUE,1,-1,0.940031,0.001025,1,5
2,539,4,6,1,TRUE,1,1,1.567378,0.286028,1,3
2,540,2,3,1,TRUE,-1,-1,0.951128,0.001029,1,2
2,541,6,5,0,FALSE,1,1,0.718019,0.696748,1,2
2,542,5,1,1,TRUE,-1,-1,2.131265,0.206221,1,3
2,543,3,0,1,TRUE,1,0,0.891128,0.001052,0,0
2,544,4,5,1,FALSE,1,-1,1.507038,0.206286,1,2
2,545,6,1,1,TRUE,1,-1,0.943867,0.187256,1,2
2,546,1,0,1,TRUE,1,0,0.742842,0.001018,0,0
2,547,2,0,1,TRUE,1,0,0.6297,0.001036,0,0
2,548,3,5,1,TRUE,1,1,0.761437,0.001014,1,2
2,549,3,5,1,TRUE,1,-1,0.677911,0.00103,1,2
2,550,6,2,1,TRUE,-1,-1,0.936216,0.001032,1,3
2,551,3,0,1,TRUE,1,0,1.139241,0.000999,0,0
2,552,2,4,1,TRUE,1,-1,0.69629,0.001005,1,3
2,553,3,6,1,TRUE,-1,-1,0.898912,0.001002,1,4
2,554,5,0,1,TRUE,1,0,0.809128,0.001005,0,0
2,555,6,2,1,TRUE,1,1,0.998364,0.001004,1,3
2,556,3,6,1,TRUE,1,-1,1.062399,0.001017,1,4
2,557,6,0,1,TRUE,-1,0,0.614743,0.001003,0,0
2,558,1,0,1,TRUE,1,0,0.631501,0.001023,0,0
2,559,6,4,1,TRUE,-1,1,1.183578,0.001,1,3
2,560,2,6,1,TRUE,-1,1,0.894211,0.001008,1,5
2,561,4,0,1,TRUE,1,0,0.685067,0.001006,0,0
2,562,3,0,1,TRUE,1,0,0.591003,0.000998,0,0
2,563,5,6,1,TRUE,1,1,0.76647,0.001002,1,2
2,564,2,0,1,TRUE,-1,0,0.662336,0.000999,0,0
2,565,2,4,1,TRUE,1,-1,0.532128,0.001004,1,3
2,566,1,0,1,TRUE,-1,0,0.517271,0.001007,0,0
2,567,3,1,1,TRUE,-1,-1,0.650094,0.00098,1,5
2,568,4,5,1,FALSE,1,-1,1.749846,0.364999,1,2
2,569,5,0,1,TRUE,-1,0,0.504576,0.001,0,0
2,570,6,3,1,FALSE,1,1,1.048725,0.220566,1,4
2,571,6,0,1,TRUE,-1,0,0.61522,0.001006,0,0
2,572,6,0,1,TRUE,-1,0,0.545539,0.001002,0,0
2,573,5,5,1,TRUE,1,1,1.234823,0.758888,1,2
2,574,6,0,1,TRUE,-1,0,0.469118,0.000978,0,0
2,575,6,5,1,TRUE,-1,-1,0.510172,0.001003,1,2
2,576,4,6,1,TRUE,1,-1,1.225622,0.001013,1,3
3,1,1,0,1,TRUE,-1,0,0.938196,4.476572,0,0
3,2,3,0,1,FALSE,1,0,0.978971,2.476015,0,0
3,3,3,0,1,FALSE,-1,0,1.047731,1.796923,0,0
3,4,6,4,0,FALSE,1,1,1.483308,1.21775,1,3
3,5,5,0,1,TRUE,-1,0,1.142483,1.557541,0,0
3,6,2,5,1,FALSE,-1,1,1.444592,0.465869,1,2
3,7,2,0,1,TRUE,1,0,1.320798,0.757151,0,0
3,8,5,3,1,FALSE,1,-1,0.610597,0.864158,1,5
3,9,1,1,1,FALSE,-1,-1,2.159379,0.417671,1,1
3,10,3,0,1,TRUE,-1,0,0.867518,1.19685,0,0
3,11,1,5,1,FALSE,-1,1,2.037657,0.380396,1,2
3,12,2,0,1,FALSE,1,0,0.957484,0.636161,0,0
3,13,6,0,1,TRUE,-1,0,0.915456,0.351297,0,0
3,14,1,5,1,FALSE,1,1,1.4315,0.30336,1,2
3,15,1,0,1,TRUE,-1,0,0.946413,0.714082,0,0
3,16,5,0,1,TRUE,1,0,0.795804,0.623279,0,0
3,17,6,0,1,FALSE,1,0,0.704806,0.334043,0,0
3,18,3,0,1,TRUE,-1,0,0.81721,0.693481,0,0
3,19,4,1,1,FALSE,-1,-1,1.746873,0.273815,1,4
3,20,4,1,0,FALSE,1,-1,1.417071,2.311093,1,4
3,21,1,6,1,FALSE,-1,-1,1.725397,0.818735,1,0
3,22,4,4,1,FALSE,1,1,1.039816,0.799859,1,3
3,23,4,6,1,FALSE,-1,1,1.797746,0.849724,1,3
3,24,5,3,1,FALSE,1,1,1.028395,0.543088,1,5
3,25,1,3,1,TRUE,1,1,2.255579,0.509618,1,3
3,26,4,2,1,TRUE,1,-1,1.158252,0.820325,1,5
3,27,1,0,1,TRUE,-1,0,0.973749,0.548935,0,0
3,28,5,4,1,FALSE,-1,-1,1.50554,0.272216,1,3
3,29,5,4,1,TRUE,-1,1,1.02771,0.365171,1,3
3,30,6,3,1,FALSE,-1,1,1.240449,0.311882,1,4
3,31,6,1,1,FALSE,1,1,1.334391,0.367144,1,2
3,32,3,2,1,FALSE,-1,-1,1.540906,0.001013,1,0
3,33,5,0,1,TRUE,1,0,0.910837,0.62502,0,0
3,34,6,2,1,FALSE,-1,1,1.675296,0.410261,1,3
3,35,2,0,1,TRUE,-1,0,1.275376,0.313525,0,0
3,36,1,0,1,TRUE,-1,0,0.902528,0.344855,0,0
3,37,5,3,1,TRUE,1,-1,0.774789,0.615026,1,5
3,38,3,0,1,TRUE,1,0,0.931166,0.413258,0,0
3,39,5,3,1,FALSE,-1,1,1.259635,0.642349,1,5
3,40,1,0,1,TRUE,-1,0,0.870468,0.320745,0,0
3,41,1,2,1,FALSE,1,1,1.720733,0.43275,1,2
3,42,4,1,1,FALSE,-1,1,1.185537,0.298785,1,4
3,43,5,0,1,TRUE,1,0,0.855259,0.515754,0,0
3,44,5,6,1,FALSE,1,-1,1.417934,0.265829,1,2
3,45,5,4,1,TRUE,1,-1,0.656719,0.800196,1,3
3,46,6,5,1,TRUE,-1,-1,1.260879,0.34685,1,2
3,47,6,1,1,FALSE,1,-1,1.008619,0.472344,1,2
3,48,5,5,1,FALSE,-1,1,1.332887,0.218856,1,2
3,49,5,5,1,TRUE,-1,1,0.974415,0.435965,1,2
3,50,2,0,1,TRUE,1,0,0.790404,0.373872,0,0
3,51,3,4,1,FALSE,-1,1,1.080811,0.352141,1,3
3,52,3,4,1,TRUE,1,-1,1.205195,0.324379,1,3
3,53,5,0,1,TRUE,1,0,0.889811,0.226637,0,0
3,54,2,6,1,FALSE,1,1,2.111901,0.449425,1,5
3,55,3,5,1,FALSE,-1,1,1.047892,0.68046,1,2
3,56,2,6,1,FALSE,1,-1,1.08589,0.761316,1,5
3,57,3,6,1,TRUE,1,1,1.819926,0.247327,1,4
3,58,5,6,1,FALSE,-1,-1,1.969449,0.232377,1,2
3,59,3,2,1,FALSE,1,-1,1.085159,1.023865,1,0
3,60,1,2,1,TRUE,-1,1,1.008948,0.252576,1,2
3,61,3,0,1,TRUE,1,0,0.857765,0.267119,0,0
3,62,6,3,1,FALSE,1,-1,1.69517,0.232374,1,4
3,63,3,0,1,TRUE,1,0,0.756184,0.213236,0,0
3,64,2,4,1,TRUE,1,-1,1.079811,0.338722,1,3
3,65,5,0,1,TRUE,-1,0,0.764321,0.200232,0,0
3,66,1,0,1,TRUE,1,0,0.718768,0.134106,0,0
3,67,2,0,1,TRUE,-1,0,0.782683,0.338665,0,0
3,68,6,0,1,TRUE,1,0,0.697246,0.307428,0,0
3,69,1,1,1,FALSE,1,1,1.357441,0.22612,1,1
3,70,1,1,1,FALSE,1,1,1.688843,0.264811,1,1
3,71,4,6,1,FALSE,-1,-1,2.470968,0.001007,1,3
3,72,4,6,1,TRUE,1,-1,1.084069,0.538032,1,3
3,73,1,3,1,TRUE,-1,1,1.357637,0.292565,1,3
3,74,2,0,1,TRUE,-1,0,0.947272,0.192499,0,0
3,75,3,0,1,TRUE,1,0,0.735536,0.200935,0,0
3,76,6,0,1,TRUE,1,0,0.632773,0.232929,0,0
3,77,1,0,1,TRUE,1,0,0.689793,0.152939,0,0
3,78,1,4,1,FALSE,1,-1,0.64971,0.250796,1,3
3,79,6,3,1,FALSE,-1,-1,1.63092,0.113871,1,4
3,80,4,2,0,FALSE,-1,-1,0.974791,1.581463,1,5
3,81,4,4,1,TRUE,-1,1,0.995824,0.001017,1,3
3,82,6,0,1,TRUE,-1,0,0.681446,0.264585,0,0
3,83,2,5,1,FALSE,-1,-1,1.660362,0.167183,1,2
3,84,4,1,1,FALSE,1,1,1.945202,0.254294,1,4
3,85,2,6,1,FALSE,-1,-1,1.209832,0.001033,1,5
3,86,1,1,1,FALSE,-1,1,1.292205,0.477563,1,1
3,87,2,3,1,FALSE,-1,1,1.217883,0.179817,1,2
3,88,6,5,1,FALSE,1,-1,1.001036,0.801864,1,2
3,89,1,4,1,TRUE,1,-1,0.857586,1.187354,1,3
3,90,4,6,1,FALSE,1,-1,1.040027,0.576022,1,3
3,91,2,6,1,FALSE,1,1,0.888203,0.579886,1,5
3,92,6,0,1,TRUE,-1,0,0.717138,0.987399,0,0
3,93,6,2,0,FALSE,1,-1,1.305752,0.844493,1,3
3,94,1,4,1,FALSE,-1,-1,0.962375,0.212975,1,3
3,95,6,6,1,TRUE,-1,1,0.989332,0.805977,1,1
3,96,2,0,1,TRUE,-1,0,0.592431,0.34711,0,0
3,97,1,0,1,TRUE,-1,0,0.703934,0.694716,0,0
3,98,5,2,1,FALSE,1,-1,1.312205,0.968178,1,4
3,99,2,0,1,TRUE,-1,0,0.72853,0.610856,0,0
3,100,6,0,1,TRUE,-1,0,0.6848,0.531053,0,0
3,101,4,0,1,TRUE,-1,0,1.166021,1.28377,0,0
3,102,3,1,1,TRUE,1,-1,1.425743,0.409642,1,5
3,103,1,0,1,TRUE,1,0,1.100739,0.25891,0,0
3,104,3,0,1,TRUE,1,0,0.644367,0.300288,0,0
3,105,5,0,1,TRUE,1,0,0.609634,0.345887,0,0
3,106,2,0,1,TRUE,-1,0,0.763134,0.259652,0,0
3,107,4,0,1,TRUE,-1,0,0.717059,0.284487,0,0
3,108,6,4,1,FALSE,-1,1,1.291258,0.306428,1,3
3,109,6,0,1,TRUE,1,0,0.870077,0.291314,0,0
3,110,1,5,1,TRUE,-1,1,0.854704,0.299223,1,2
3,111,3,0,1,TRUE,-1,0,0.844593,0.286805,0,0
3,112,6,0,1,TRUE,1,0,0.68114,0.207451,0,0
3,113,3,0,1,TRUE,-1,0,0.582475,0.179449,0,0
3,114,1,0,1,TRUE,-1,0,0.55723,0.258683,0,0
3,115,1,0,1,TRUE,-1,0,0.511555,0.252369,0,0
3,116,5,0,1,TRUE,1,0,0.775874,0.23993,0,0
3,117,1,1,1,FALSE,-1,1,1.110976,0.383852,1,1
3,118,2,0,1,TRUE,1,0,0.780902,0.311412,0,0
3,119,5,0,1,TRUE,1,0,0.463868,0.292312,0,0
3,120,1,2,1,FALSE,1,1,4.288314,0.525014,1,2
3,121,5,0,1,TRUE,-1,0,0.6522,0.179589,0,0
3,122,4,0,1,TRUE,-1,0,0.684926,0.200366,0,0
3,123,3,0,1,TRUE,1,0,0.690104,0.220479,0,0
3,124,4,0,1,TRUE,1,0,0.517536,0.159481,0,0
3,125,3,0,1,TRUE,1,0,0.595366,0.224115,0,0
3,126,3,0,1,TRUE,1,0,0.807601,0.174039,0,0
3,127,4,0,1,TRUE,-1,0,0.717928,0.153638,0,0
3,128,4,4,1,FALSE,-1,-1,1.435047,0.126477,1,3
3,129,5,0,1,TRUE,-1,0,0.774465,0.264772,0,0
3,130,3,0,1,TRUE,1,0,0.644761,0.001016,0,0
3,131,6,6,1,TRUE,1,-1,1.03108,0.113413,1,1
3,132,4,0,1,TRUE,1,0,0.589247,0.179912,0,0
3,133,2,0,1,TRUE,-1,0,0.62444,0.213943,0,0
3,134,6,4,1,FALSE,1,1,0.981226,0.332087,1,3
3,135,3,6,1,FALSE,1,-1,1.191812,0.385388,1,4
3,136,5,1,1,FALSE,1,-1,1.246883,0.139317,1,3
3,137,2,0,1,TRUE,1,0,0.801571,0.213098,0,0
3,138,6,2,1,FALSE,1,1,1.49839,0.311581,1,3
3,139,1,0,1,TRUE,-1,0,0.689281,0.133004,0,0
3,140,2,0,1,TRUE,-1,0,0.689453,0.145925,0,0
3,141,6,0,1,TRUE,-1,0,0.657399,0.185579,0,0
3,142,3,0,1,TRUE,-1,0,0.624766,0.226913,0,0
3,143,5,0,0,FALSE,-1,0,0.570942,0.937476,0,0
3,144,6,4,1,FALSE,-1,-1,1.146782,0.273381,1,3
3,145,5,1,1,FALSE,-1,-1,1.307412,0.298377,1,3
3,146,2,1,1,FALSE,1,1,1.524032,0.126976,1,0
3,147,6,0,1,TRUE,-1,0,0.813765,0.24426,0,0
3,148,6,0,1,TRUE,-1,0,0.644362,0.247093,0,0
3,149,2,0,1,TRUE,-1,0,0.72168,0.292483,0,0
3,150,2,1,1,FALSE,-1,-1,1.32498,0.21995,1,0
3,151,4,1,1,FALSE,1,1,0.877179,0.440699,1,4
3,152,4,0,1,FALSE,1,0,0.58339,0.443181,0,0
3,153,3,1,1,TRUE,-1,-1,0.811136,0.562255,1,5
3,154,5,0,1,TRUE,-1,0,0.941232,0.330176,0,0
3,155,6,3,1,FALSE,1,-1,1.089986,0.087059,1,4
3,156,2,4,1,FALSE,-1,-1,1.924425,0.212944,1,3
3,157,5,0,1,TRUE,1,0,0.604865,0.327547,0,0
3,158,2,0,1,TRUE,1,0,0.787976,0.239945,0,0
3,159,3,0,1,TRUE,1,0,0.634875,0.224384,0,0
3,160,4,6,1,FALSE,1,1,1.400861,0.100656,1,3
3,161,2,3,1,FALSE,1,1,1.174682,0.114236,1,2
3,162,4,0,1,TRUE,-1,0,0.75423,0.317018,0,0
3,163,4,0,1,TRUE,-1,0,0.757895,0.357733,0,0
3,164,2,3,1,FALSE,1,-1,1.021933,0.179564,1,2
3,165,6,0,1,TRUE,-1,0,0.719678,0.331678,0,0
3,166,2,0,1,TRUE,-1,0,0.651445,0.226036,0,0
3,167,6,4,1,FALSE,-1,1,1.159655,0.231,1,3
3,168,1,0,1,TRUE,1,0,0.80858,0.192416,0,0
3,169,5,6,1,FALSE,-1,1,1.072362,0.484473,1,2
3,170,4,2,1,FALSE,1,1,1.524674,0.120385,1,5
3,171,2,0,1,TRUE,-1,0,0.848338,1.272825,0,0
3,172,2,0,1,TRUE,-1,0,0.75406,0.233077,0,0
3,173,3,0,1,TRUE,-1,0,0.814742,0.146668,0,0
3,174,3,3,1,FALSE,-1,-1,1.416398,0.499829,1,1
3,175,5,0,1,TRUE,1,0,0.758405,0.207343,0,0
3,176,3,0,1,TRUE,-1,0,0.732308,0.226444,0,0
3,177,4,5,1,FALSE,1,1,1.328556,0.107122,1,2
3,178,4,4,1,FALSE,1,-1,1.140126,0.225688,1,3
3,179,5,0,1,TRUE,-1,0,0.702829,0.167142,0,0
3,180,3,0,1,TRUE,1,0,0.687681,0.20585,0,0
3,181,1,1,1,FALSE,1,-1,1.10152,0.277529,1,1
3,182,3,0,1,TRUE,1,0,0.617328,0.193987,0,0
3,183,5,0,1,TRUE,1,0,0.571538,0.184938,0,0
3,184,4,3,1,FALSE,1,-1,1.00347,0.571202,1,0
3,185,6,0,1,TRUE,1,0,0.592689,0.153732,0,0
3,186,1,2,1,FALSE,-1,1,1.003287,0.127242,1,2
3,187,6,0,1,TRUE,1,0,0.638223,0.200517,0,0
3,188,6,1,1,TRUE,-1,1,1.723505,0.476787,1,2
3,189,5,3,1,FALSE,-1,1,1.187808,0.186451,1,5
3,190,5,0,1,TRUE,1,0,0.699619,0.146507,0,0
3,191,1,0,1,TRUE,-1,0,0.910512,0.160787,0,0
3,192,4,0,1,TRUE,1,0,0.840532,0.180642,0,0
3,193,1,3,1,FALSE,-1,1,1.361584,0.364977,1,3
3,194,5,3,1,FALSE,-1,-1,0.883012,0.525548,1,5
3,195,5,1,1,TRUE,1,1,0.986797,0.127642,1,3
3,196,4,4,1,TRUE,1,-1,0.913789,0.62203,1,3
3,197,6,1,1,TRUE,-1,1,1.102601,0.258744,1,2
3,198,1,0,1,TRUE,1,0,0.703757,0.19267,0,0
3,199,1,0,1,TRUE,1,0,0.56529,0.1665,0,0
3,200,4,0,1,TRUE,1,0,0.543965,0.213933,0,0
3,201,5,2,1,FALSE,1,1,0.833424,0.447057,1,4
3,202,4,6,1,FALSE,-1,1,0.848992,0.911463,1,3
3,203,3,5,1,FALSE,-1,1,0.936313,0.406192,1,2
3,204,3,0,1,TRUE,-1,0,0.709803,0.126824,0,0
3,205,2,0,1,TRUE,1,0,0.763944,0.180341,0,0
3,206,2,0,1,TRUE,-1,0,0.736237,0.131844,0,0
3,207,6,0,1,TRUE,1,0,0.690568,0.132971,0,0
3,208,6,0,1,TRUE,1,0,0.591299,0.227776,0,0
3,209,5,0,1,TRUE,-1,0,0.657875,0.166027,0,0
3,210,3,5,1,FALSE,1,1,1.295095,0.07389,1,2
3,211,4,0,1,TRUE,1,0,0.663295,0.200233,0,0
3,212,2,2,1,FALSE,1,-1,1.237901,0.099989,1,1
3,213,3,0,1,TRUE,-1,0,0.814483,0.139055,0,0
3,214,3,0,1,TRUE,1,0,0.571829,0.292356,0,0
3,215,2,2,1,FALSE,-1,1,0.748697,0.712694,1,1
3,216,1,5,1,FALSE,-1,-1,0.854551,0.253535,1,2
3,217,1,1,1,FALSE,1,-1,0.875172,0.140319,1,1
3,218,3,0,1,TRUE,1,0,0.670263,0.159334,0,0
3,219,6,5,1,FALSE,1,1,1.260736,0.054464,1,2
3,220,3,2,1,FALSE,-1,-1,0.955673,0.707357,1,0
3,221,1,4,1,FALSE,-1,1,0.604785,0.19271,1,3
3,222,3,6,1,TRUE,1,1,0.57061,0.498955,1,4
3,223,4,0,1,TRUE,1,0,0.537705,0.260399,0,0
3,224,2,2,1,FALSE,-1,-1,1.021504,0.265723,1,1
3,225,3,0,1,TRUE,-1,0,0.770268,0.230461,0,0
3,226,4,5,1,FALSE,-1,1,1.325204,0.750649,1,2
3,227,5,6,1,FALSE,-1,-1,0.90799,0.199272,1,2
3,228,2,2,1,FALSE,1,1,1.621082,0.212408,1,1
3,229,3,0,1,TRUE,-1,0,1.334133,0.371716,0,0
3,230,6,0,1,TRUE,-1,0,0.774006,0.174042,0,0
3,231,5,5,1,FALSE,1,1,1.229576,0.060593,1,2
3,232,1,2,1,FALSE,1,-1,0.989165,0.48622,1,2
3,233,6,0,1,TRUE,1,0,0.698188,0.539875,0,0
3,234,4,3,0,FALSE,-1,1,0.978109,0.693754,1,0
3,235,1,0,1,TRUE,-1,0,0.695184,0.140415,0,0
3,236,5,4,1,FALSE,1,-1,1.039278,0.066935,1,3
3,237,2,1,1,FALSE,1,-1,1.080152,0.715793,1,0
3,238,3,0,1,FALSE,1,0,0.564646,0.757164,0,0
3,239,3,0,1,TRUE,1,0,0.55866,0.180743,0,0
3,240,4,0,1,TRUE,-1,0,0.665898,0.206899,0,0
3,241,3,5,1,TRUE,1,-1,0.529805,0.251407,1,2
3,242,5,2,1,FALSE,-1,1,1.188627,0.160785,1,4
3,243,6,0,1,TRUE,1,0,0.630983,0.159851,0,0
3,244,3,0,1,TRUE,-1,0,0.634986,0.198887,0,0
3,245,2,0,1,TRUE,-1,0,0.452217,0.138991,0,0
3,246,2,5,1,TRUE,1,1,0.940437,0.166589,1,2
3,247,1,4,1,FALSE,1,1,1.566216,0.034115,1,3
3,248,5,0,1,TRUE,-1,0,0.736481,0.172314,0,0
3,249,6,0,1,TRUE,1,0,0.615681,0.199728,0,0
3,250,5,2,1,FALSE,1,-1,0.655789,0.588127,1,4
3,251,4,4,0,FALSE,-1,-1,0.585446,0.87348,1,3
3,252,1,0,1,TRUE,1,0,0.670284,0.140485,0,0
3,253,2,3,1,FALSE,1,1,1.30047,0.100389,1,2
3,254,5,0,1,TRUE,1,0,0.592404,0.173227,0,0
3,255,4,0,1,TRUE,-1,0,0.688712,0.153312,0,0
3,256,5,4,1,TRUE,-1,1,1.004336,0.696675,1,3
3,257,4,4,1,FALSE,-1,1,1.412236,0.301239,1,3
3,258,1,6,1,FALSE,1,1,1.330575,0.311948,1,0
3,259,4,3,1,FALSE,1,1,0.752184,0.614975,1,0
3,260,4,6,1,FALSE,-1,-1,1.029237,0.278626,1,3
3,261,1,0,1,TRUE,-1,0,0.642833,0.239089,0,0
3,262,5,3,1,FALSE,-1,-1,1.126904,0.280981,1,5
3,263,6,3,1,FALSE,1,1,1.164651,0.218987,1,4
3,264,4,0,1,TRUE,-1,0,0.815576,0.186616,0,0
3,265,4,0,1,TRUE,1,0,0.774131,0.17991,0,0
3,266,6,2,1,FALSE,-1,-1,1.257551,0.272851,1,3
3,267,3,0,1,TRUE,-1,0,0.756014,0.067774,0,0
3,268,1,0,1,TRUE,-1,0,0.581878,0.120117,0,0
3,269,6,0,1,TRUE,-1,0,0.496152,0.106547,0,0
3,270,5,0,1,TRUE,1,0,0.537914,0.232842,0,0
3,271,5,0,1,TRUE,-1,0,0.733906,0.193447,0,0
3,272,1,0,1,TRUE,-1,0,0.810981,0.159735,0,0
3,273,2,2,1,FALSE,-1,1,0.9021,0.159467,1,1
3,274,3,3,1,FALSE,-1,1,0.970085,0.252312,1,1
3,275,3,6,1,FALSE,-1,-1,1.080804,0.167411,1,4
3,276,2,2,1,TRUE,1,-1,0.836259,0.333793,1,1
3,277,5,1,1,FALSE,1,1,1.360707,0.093984,1,3
3,278,4,0,1,TRUE,-1,0,0.659809,0.187517,0,0
3,279,3,4,1,FALSE,1,1,1.32724,0.167246,1,3
3,280,6,0,1,TRUE,1,0,0.723258,0.147218,0,0
3,281,4,1,1,FALSE,-1,-1,1.215739,0.187417,1,4
3,282,3,6,1,TRUE,-1,1,1.031991,0.279173,1,4
3,283,4,0,1,TRUE,1,0,0.776837,0.313527,0,0
3,284,3,6,1,TRUE,-1,1,1.141889,0.233319,1,4
3,285,1,4,0,FALSE,1,1,0.987633,0.667341,1,3
3,286,3,0,1,TRUE,-1,0,0.618411,0.199472,0,0
3,287,4,0,1,TRUE,-1,0,0.602728,0.173851,0,0
3,288,6,0,1,TRUE,1,0,0.757476,0.119912,0,0
3,289,2,6,1,FALSE,1,-1,1.158887,0.1921,1,5
3,290,6,0,1,TRUE,-1,0,0.629879,0.132557,0,0
3,291,5,0,1,TRUE,1,0,0.392041,0.133577,0,0
3,292,1,0,1,TRUE,1,0,0.664318,0.113662,0,0
3,293,6,2,0,FALSE,-1,1,0.558406,0.653719,1,3
3,294,1,0,1,TRUE,1,0,0.614976,0.113336,0,0
3,295,5,0,1,TRUE,-1,0,0.587829,0.093067,0,0
3,296,5,0,1,TRUE,1,0,0.571054,0.134313,0,0
3,297,1,0,1,TRUE,1,0,0.663951,0.159414,0,0
3,298,5,0,1,TRUE,1,0,0.417913,0.133834,0,0
3,299,3,1,1,TRUE,1,1,0.932777,0.205973,1,5
3,300,4,5,1,FALSE,1,-1,1.131255,0.225618,1,2
3,301,5,2,1,FALSE,-1,1,1.220188,0.273555,1,4
3,302,4,0,1,TRUE,-1,0,0.618915,0.106489,0,0
3,303,1,5,1,FALSE,-1,-1,0.776206,0.140301,1,2
3,304,6,0,1,TRUE,1,0,0.7421,0.166258,0,0
3,305,6,4,1,TRUE,1,-1,0.7626,0.159854,1,3
3,306,1,0,1,TRUE,1,0,0.569341,0.172139,0,0
3,307,4,0,1,TRUE,-1,0,0.833115,0.126788,0,0
3,308,3,4,1,FALSE,1,-1,0.997946,0.260124,1,3
3,309,6,2,1,TRUE,1,1,0.574996,0.291835,1,3
3,310,2,4,1,FALSE,1,1,1.204581,0.205469,1,3
3,311,4,2,1,FALSE,1,1,0.908197,0.449533,1,5
3,312,5,5,1,FALSE,1,-1,1.083774,0.074149,1,2
3,313,3,1,1,FALSE,1,-1,0.762151,0.378873,1,5
3,314,6,0,1,TRUE,-1,0,0.662285,0.218885,0,0
3,315,2,0,1,TRUE,-1,0,0.725569,0.154499,0,0
3,316,2,0,1,TRUE,1,0,0.716036,0.100214,0,0
3,317,3,4,1,FALSE,-1,1,0.990371,0.40592,1,3
3,318,6,1,1,TRUE,1,1,0.557088,0.174414,1,2
3,319,3,0,1,TRUE,1,0,0.695726,0.106596,0,0
3,320,6,0,1,TRUE,1,0,0.484487,0.153983,0,0
3,321,6,6,1,TRUE,1,-1,0.913871,0.205826,1,1
3,322,5,0,1,TRUE,-1,0,0.677126,0.154666,0,0
3,323,1,0,1,TRUE,1,0,0.459471,0.160573,0,0
3,324,5,0,1,TRUE,1,0,0.551978,0.146425,0,0
3,325,4,0,1,TRUE,1,0,0.498384,0.180518,0,0
3,326,3,0,1,TRUE,-1,0,0.697191,0.246956,0,0
3,327,1,4,1,TRUE,-1,1,1.713776,0.330612,1,3
3,328,5,4,1,FALSE,1,1,1.343571,0.08015,1,3
3,329,3,0,1,TRUE,-1,0,0.524646,0.552019,0,0
3,330,2,1,1,FALSE,1,1,1.59893,0.100761,1,0
3,331,4,0,1,TRUE,1,0,0.451356,0.802853,0,0
3,332,2,0,1,TRUE,1,0,0.598002,0.3601,0,0
3,333,2,0,1,TRUE,1,0,0.644103,0.186332,0,0
3,334,6,0,1,TRUE,-1,0,0.670808,0.114126,0,0
3,335,4,2,1,FALSE,1,-1,1.389632,0.001035,1,5
3,336,3,0,1,TRUE,-1,0,0.721285,0.193373,0,0
3,337,1,0,1,TRUE,1,0,0.648611,0.160188,0,0
3,338,3,2,1,TRUE,1,1,0.835508,0.120357,1,0
3,339,6,0,1,TRUE,1,0,0.643643,0.145937,0,0
3,340,1,0,1,TRUE,-1,0,0.811648,0.087419,0,0
3,341,5,0,1,TRUE,1,0,0.569623,0.114076,0,0
3,342,5,2,1,FALSE,1,1,1.133704,0.106931,1,4
3,343,2,0,1,TRUE,1,0,0.611589,0.06747,0,0
3,344,1,3,1,TRUE,-1,-1,0.683465,0.106257,1,3
3,345,6,0,1,TRUE,1,0,0.549647,0.06064,0,0
3,346,4,5,1,FALSE,1,1,0.577329,0.527512,1,2
3,347,2,0,1,TRUE,1,0,0.562573,0.166197,0,0
3,348,4,5,1,FALSE,1,-1,0.921676,0.094043,1,2
3,349,1,0,1,TRUE,-1,0,0.716953,0.060106,0,0
3,350,2,0,1,TRUE,-1,0,0.551677,0.16053,0,0
3,351,2,0,1,TRUE,-1,0,0.545233,0.158809,0,0
3,352,6,6,1,FALSE,-1,1,1.123342,0.159464,1,1
3,353,1,3,1,TRUE,1,1,0.88033,0.120134,1,3
3,354,3,0,1,TRUE,-1,0,0.570909,0.179241,0,0
3,355,1,0,1,TRUE,-1,0,0.572115,0.120376,0,0
3,356,6,1,1,TRUE,1,-1,1.027522,0.298241,1,2
3,357,1,0,1,TRUE,-1,0,0.532696,0.160432,0,0
3,358,2,0,1,TRUE,-1,0,0.504104,0.126514,0,0
3,359,1,0,1,TRUE,1,0,0.601788,0.192104,0,0
3,360,6,0,1,TRUE,1,0,0.58534,0.13458,0,0
3,361,5,0,1,TRUE,-1,0,0.662713,0.099846,0,0
3,362,1,3,1,TRUE,1,-1,0.863017,0.154479,1,3
3,363,4,0,1,TRUE,1,0,0.584604,0.100313,0,0
3,364,4,0,1,TRUE,1,0,0.603645,0.172874,0,0
3,365,2,0,1,TRUE,1,0,0.623498,0.114139,0,0
3,366,4,0,1,TRUE,-1,0,0.603208,0.205939,0,0
3,367,6,0,1,TRUE,-1,0,0.708354,0.178794,0,0
3,368,3,0,1,TRUE,-1,0,0.683611,0.318194,0,0
3,369,4,3,1,FALSE,-1,1,1.125589,0.211813,1,0
3,370,2,0,1,TRUE,1,0,0.63674,0.212108,0,0
3,371,6,0,1,TRUE,1,0,0.684374,0.200221,0,0
3,372,6,6,1,TRUE,1,1,1.072719,0.333196,1,1
3,373,2,0,1,TRUE,1,0,0.566088,0.279244,0,0
3,374,5,0,1,TRUE,-1,0,0.609655,0.14056,0,0
3,375,5,0,1,TRUE,-1,0,0.605204,0.159949,0,0
3,376,4,0,1,TRUE,1,0,0.550166,0.186484,0,0
3,377,2,4,1,FALSE,-1,-1,0.737261,0.260283,1,3
3,378,2,5,1,FALSE,-1,1,1.268684,0.439428,1,2
3,379,1,6,1,FALSE,-1,1,0.947958,0.186231,1,0
3,380,5,2,1,FALSE,-1,-1,1.043746,0.001049,1,4
3,381,6,0,1,TRUE,-1,0,0.637795,0.166489,0,0
3,382,6,0,1,TRUE,1,0,0.67489,0.179691,0,0
3,383,6,1,1,FALSE,-1,-1,1.179439,0.001023,1,2
3,384,4,5,1,FALSE,-1,-1,1.065166,0.218102,1,2
3,385,3,2,0,FALSE,1,1,0.88388,0.001005,1,0
3,386,4,0,1,TRUE,-1,0,0.498276,0.152942,0,0
3,387,1,5,1,FALSE,1,1,1.129306,0.11997,1,2
3,388,6,0,1,TRUE,-1,0,0.570826,0.194004,0,0
3,389,4,3,1,FALSE,-1,-1,0.881971,0.211424,1,0
3,390,2,0,1,TRUE,1,0,0.769107,0.541502,0,0
3,391,4,0,1,TRUE,-1,0,0.571204,0.219176,0,0
3,392,1,2,1,FALSE,-1,-1,1.11487,0.548257,1,2
3,393,1,1,1,FALSE,-1,-1,0.516899,0.205725,1,1
3,394,2,0,1,TRUE,-1,0,0.58948,0.120274,0,0
3,395,5,1,1,FALSE,-1,1,0.861682,0.166482,1,3
3,396,5,6,1,FALSE,1,1,1.039103,0.220458,1,2
3,397,2,5,1,FALSE,1,1,1.485378,0.113669,1,2
3,398,5,5,1,FALSE,1,1,1.083944,0.146394,1,2
3,399,6,5,1,TRUE,1,1,1.058487,0.376621,1,2
3,400,6,0,1,TRUE,-1,0,0.661951,0.225945,0,0
3,401,2,4,1,FALSE,1,1,0.939837,0.3187,1,3
3,402,2,2,1,FALSE,-1,-1,0.630453,0.795109,1,1
3,403,5,1,1,FALSE,-1,-1,0.986151,0.219302,1,3
3,404,1,4,1,FALSE,-1,-1,0.901088,0.133126,1,3
3,405,1,0,1,TRUE,1,0,0.391785,0.878749,0,0
3,406,6,5,1,TRUE,-1,1,0.859986,0.25995,1,2
3,407,1,5,1,FALSE,1,-1,1.364801,0.113106,1,2
3,408,2,0,1,TRUE,-1,0,0.735729,0.14524,0,0
3,409,2,1,1,FALSE,1,-1,1.157301,0.106596,1,0
3,410,4,0,1,TRUE,1,0,0.588723,0.132563,0,0
3,411,2,6,1,TRUE,-1,-1,1.006603,0.205501,1,5
3,412,1,6,1,FALSE,-1,-1,1.351868,0.080414,1,0
3,413,3,1,1,TRUE,-1,-1,0.916074,0.134054,1,5
3,414,5,4,1,FALSE,-1,-1,1.293799,0.106443,1,3
3,415,2,0,1,TRUE,-1,0,0.682447,0.119903,0,0
3,416,5,3,1,FALSE,1,1,1.632756,0.178703,1,5
3,417,1,0,1,TRUE,1,0,0.676779,0.001005,0,0
3,418,4,0,1,TRUE,-1,0,0.762638,0.107245,0,0
3,419,5,5,1,TRUE,-1,-1,1.182727,0.294029,1,2
3,420,3,0,1,TRUE,-1,0,0.697588,0.140192,0,0
3,421,3,2,1,FALSE,-1,1,1.160331,0.113582,1,0
3,422,4,0,1,TRUE,-1,0,0.781368,0.159679,0,0
3,423,1,0,1,TRUE,-1,0,0.647158,0.133302,0,0
3,424,3,0,1,TRUE,-1,0,0.683682,0.146169,0,0
3,425,6,0,1,TRUE,1,0,0.761131,0.159503,0,0
3,426,2,1,1,FALSE,-1,1,1.034104,0.159962,1,0
3,427,1,0,1,TRUE,-1,0,0.578153,0.114352,0,0
3,428,1,0,1,TRUE,1,0,0.650539,0.166218,0,0
3,429,1,0,1,TRUE,1,0,0.477627,0.107255,0,0
3,430,4,2,1,FALSE,-1,1,1.222455,0.147556,1,5
3,431,5,0,1,TRUE,-1,0,0.617317,0.113631,0,0
3,432,5,0,1,TRUE,1,0,0.437411,0.125881,0,0
3,433,2,0,1,TRUE,1,0,0.600729,0.114011,0,0
3,434,6,0,1,TRUE,-1,0,0.588716,0.152452,0,0
3,435,4,0,1,TRUE,-1,0,0.571158,0.113823,0,0
3,436,5,0,1,TRUE,-1,0,0.646413,0.14046,0,0
3,437,4,6,1,FALSE,1,1,1.165441,0.067242,1,3
3,438,6,5,1,TRUE,-1,1,0.750392,0.165204,1,2
3,439,6,0,1,TRUE,-1,0,0.538559,0.120917,0,0
3,440,4,3,1,FALSE,1,-1,1.118209,0.073674,1,0
3,441,2,3,0,FALSE,1,-1,0.738466,0.404422,1,2
3,442,4,0,1,TRUE,1,0,0.543729,0.133347,0,0
3,443,2,4,1,FALSE,-1,1,1.181036,0.13967,1,3
3,444,4,1,1,FALSE,-1,1,0.920905,0.158888,1,4
3,445,5,0,1,TRUE,1,0,0.543341,0.1531,0,0
3,446,5,4,1,FALSE,1,1,0.920872,0.133486,1,3
3,447,3,5,1,FALSE,-1,-1,0.729118,0.140134,1,2
3,448,2,1,1,FALSE,-1,-1,0.829841,0.067524,1,0
3,449,4,0,1,TRUE,1,0,0.53986,0.134375,0,0
3,450,2,1,1,FALSE,-1,1,0.803116,0.559562,1,0
3,451,1,0,1,TRUE,1,0,0.842678,0.453854,0,0
3,452,4,0,1,TRUE,-1,0,0.613155,0.180918,0,0
3,453,2,3,1,TRUE,-1,-1,1.222784,0.297747,1,2
3,454,4,0,1,TRUE,1,0,0.505394,0.107676,0,0
3,455,3,5,1,FALSE,1,-1,0.942132,0.18618,1,2
3,456,5,0,1,TRUE,-1,0,0.552795,0.106373,0,0
3,457,3,0,1,TRUE,1,0,0.544532,0.133937,0,0
3,458,3,2,1,FALSE,1,-1,1.182428,0.12038,1,0
3,459,2,5,1,FALSE,1,-1,1.300714,0.120436,1,2
3,460,3,1,1,TRUE,-1,1,1.145806,0.256804,1,5
3,461,3,6,1,TRUE,1,-1,0.75564,0.26609,1,4
3,462,4,0,1,TRUE,-1,0,0.651791,0.167353,0,0
3,463,6,2,1,TRUE,-1,-1,1.147239,0.274231,1,3
3,464,1,6,1,FALSE,1,1,0.943381,0.300584,1,0
3,465,2,5,1,FALSE,-1,-1,0.979126,0.120064,1,2
3,466,6,6,1,TRUE,-1,-1,0.72425,0.266792,1,1
3,467,1,2,1,FALSE,-1,-1,1.217322,0.146572,1,2
3,468,6,4,1,FALSE,1,-1,1.023907,0.140189,1,3
3,469,1,6,1,TRUE,1,-1,0.788608,0.173756,1,0
3,470,3,3,1,TRUE,1,-1,0.705643,0.260827,1,1
3,471,2,0,1,TRUE,1,0,0.504837,0.087177,0,0
3,472,5,0,1,TRUE,-1,0,0.61649,0.166543,0,0
3,473,2,0,1,TRUE,-1,0,0.57782,0.113552,0,0
3,474,1,0,1,TRUE,-1,0,0.650898,0.127066,0,0
3,475,3,0,1,TRUE,1,0,0.522319,0.166296,0,0
3,476,3,3,1,FALSE,1,1,0.571767,0.060432,1,1
3,477,6,4,1,TRUE,-1,-1,0.782568,0.1266,1,3
3,478,2,0,1,TRUE,1,0,0.5989,0.113367,0,0
3,479,4,0,1,TRUE,-1,0,0.744729,0.15377,0,0
3,480,5,0,1,TRUE,1,0,0.61863,0.151335,0,0
3,481,3,0,1,TRUE,1,0,0.496777,0.206401,0,0
3,482,2,4,1,TRUE,1,-1,0.888488,0.113947,1,3
3,483,5,0,1,TRUE,1,0,0.416798,0.080502,0,0
3,484,3,3,1,TRUE,1,-1,0.816513,0.160849,1,1
3,485,6,0,1,TRUE,-1,0,0.65637,0.146863,0,0
3,486,6,2,1,FALSE,1,-1,1.155451,0.684497,1,3
3,487,2,0,1,TRUE,-1,0,0.630733,0.145304,0,0
3,488,4,1,1,FALSE,1,-1,1.191318,0.126154,1,4
3,489,4,0,1,TRUE,1,0,0.568503,0.11943,0,0
3,490,1,0,1,TRUE,1,0,0.688341,0.140795,0,0
3,491,2,3,1,FALSE,-1,1,0.657915,0.114086,1,2
3,492,4,0,1,TRUE,1,0,0.431457,0.126371,0,0
3,493,3,0,1,TRUE,-1,0,0.624014,0.166898,0,0
3,494,5,5,1,FALSE,1,-1,0.940543,0.093454,1,2
3,495,6,1,1,TRUE,-1,-1,0.743301,0.147702,1,2
3,496,3,4,1,FALSE,1,1,1.042151,0.073209,1,3
3,497,3,0,1,TRUE,1,0,0.505862,0.001003,0,0
3,498,3,3,1,TRUE,-1,1,0.686006,0.160572,1,1
3,499,1,0,1,TRUE,1,0,0.512431,0.160801,0,0
3,500,4,0,1,TRUE,-1,0,0.592771,0.173999,0,0
3,501,3,0,0,FALSE,1,0,0.439842,1.071515,0,0
3,502,4,4,1,FALSE,1,1,0.503057,0.358489,1,3
3,503,6,6,1,TRUE,-1,-1,0.652139,0.186,1,1
3,504,6,3,1,FALSE,-1,1,1.16051,0.133305,1,4
3,505,4,0,1,TRUE,1,0,0.535467,0.166516,0,0
3,506,4,2,1,FALSE,-1,-1,1.020419,0.152339,1,5
3,507,6,0,0,FALSE,1,0,0.750736,0.384536,0,0
3,508,2,2,1,FALSE,1,1,1.110707,0.180936,1,1
3,509,5,0,1,TRUE,-1,0,0.570508,0.531531,0,0
3,510,2,5,1,FALSE,1,-1,1.177659,0.087178,1,2
3,511,4,5,1,TRUE,-1,1,1.054138,0.53668,1,2
3,512,6,0,1,TRUE,-1,0,0.676645,0.212283,0,0
3,513,1,3,1,TRUE,1,-1,0.842685,0.159861,1,3
3,514,1,0,1,TRUE,-1,0,0.584055,0.173256,0,0
3,515,1,5,1,TRUE,1,-1,0.847984,0.152497,1,2
3,516,5,1,1,FALSE,1,-1,1.092316,0.146871,1,3
3,517,2,6,1,FALSE,-1,1,1.021694,0.45182,1,5
3,518,3,5,1,FALSE,1,1,0.937074,0.45811,1,2
3,519,4,2,1,FALSE,-1,1,1.059969,0.547055,1,5
3,520,1,0,1,TRUE,1,0,0.574353,0.126986,0,0
3,521,2,0,1,TRUE,1,0,0.479356,0.134126,0,0
3,522,6,0,1,TRUE,-1,0,0.550297,0.179123,0,0
3,523,6,3,1,TRUE,-1,-1,0.790613,0.160129,1,4
3,524,1,0,1,TRUE,1,0,0.57883,0.167829,0,0
3,525,1,3,1,TRUE,-1,-1,0.819419,0.160357,1,3
3,526,6,0,1,TRUE,-1,0,0.550753,0.119887,0,0
3,527,1,0,1,TRUE,-1,0,0.465815,0.127444,0,0
3,528,5,6,1,FALSE,1,-1,1.059157,0.127106,1,2
3,529,3,3,1,FALSE,1,1,0.963107,0.213948,1,1
3,530,5,2,1,FALSE,-1,-1,0.917438,0.444116,1,4
3,531,2,4,1,FALSE,-1,1,0.834987,0.37872,1,3
3,532,3,1,1,TRUE,-1,1,0.774493,0.179243,1,5
3,533,3,3,1,TRUE,-1,-1,0.664966,0.160588,1,1
3,534,2,6,1,TRUE,-1,1,0.711555,0.18692,1,5
3,535,6,5,1,TRUE,-1,-1,0.880439,0.160189,1,2
3,536,1,0,1,TRUE,-1,0,0.687451,0.185253,0,0
3,537,5,0,1,TRUE,-1,0,0.550965,0.146222,0,0
3,538,6,5,0,FALSE,1,-1,0.569613,0.41664,1,2
3,539,2,0,1,TRUE,-1,0,0.550935,0.172409,0,0
3,540,5,0,1,TRUE,-1,0,0.708733,0.19234,0,0
3,541,4,0,1,TRUE,-1,0,0.58386,0.146628,0,0
3,542,2,0,1,TRUE,1,0,0.762779,0.166593,0,0
3,543,2,3,1,TRUE,-1,-1,0.991887,0.238767,1,2
3,544,3,0,1,TRUE,1,0,0.690335,0.193636,0,0
3,545,4,0,1,TRUE,1,0,0.470763,0.133831,0,0
3,546,5,0,1,TRUE,1,0,0.464855,0.113447,0,0
3,547,6,0,1,TRUE,1,0,0.815026,0.192493,0,0
3,548,4,0,1,TRUE,1,0,0.464808,0.120365,0,0
3,549,1,6,1,FALSE,-1,1,0.941625,0.001025,1,0
3,550,5,1,1,TRUE,-1,1,0.661186,0.001028,1,3
3,551,6,0,1,TRUE,-1,0,0.702206,0.152453,0,0
3,552,4,3,1,FALSE,-1,-1,1.059165,0.279887,1,0
3,553,5,6,1,FALSE,-1,1,0.967105,0.159534,1,2
3,554,1,0,1,TRUE,1,0,0.59572,0.219351,0,0
3,555,2,0,1,TRUE,1,0,0.550108,0.187274,0,0
3,556,4,0,1,TRUE,1,0,0.418859,0.120734,0,0
3,557,1,6,1,FALSE,1,-1,1.167257,0.212867,1,0
3,558,3,5,1,FALSE,-1,-1,0.890583,2.225073,1,2
3,559,6,3,1,FALSE,1,1,1.21678,0.285272,1,4
3,560,2,0,1,TRUE,1,0,0.555973,0.139165,0,0
3,561,3,2,1,TRUE,-1,1,1.00744,0.157876,1,0
3,562,3,4,1,FALSE,-1,-1,1.067599,0.459875,1,3
3,563,3,1,1,TRUE,1,1,0.842172,0.001027,1,5
3,564,1,2,1,FALSE,1,-1,0.973195,0.001013,1,2
3,565,5,0,1,TRUE,1,0,0.511295,0.19912,0,0
3,566,5,5,1,FALSE,-1,-1,0.919964,0.178464,1,2
3,567,3,0,1,TRUE,-1,0,0.645495,0.000999,0,0
3,568,4,5,1,TRUE,-1,-1,0.592471,0.001017,1,2
3,569,5,0,1,TRUE,-1,0,0.60314,0.153072,0,0
3,570,2,0,1,TRUE,1,0,0.645719,0.134435,0,0
3,571,5,6,1,FALSE,1,1,1.501935,0.047426,1,2
3,572,3,6,1,FALSE,-1,-1,1.555701,0.087021,1,4
3,573,3,4,1,FALSE,-1,-1,1.231893,0.113536,1,3
3,574,5,0,1,TRUE,-1,0,0.7676,0.252292,0,0
3,575,4,3,1,FALSE,1,1,1.292835,0.192413,1,0
3,576,6,6,1,FALSE,1,1,1.963701,0.126907,1,1
